Name,Gender,Count,Year
Emma,F,20936,2014
Olivia,F,19807,2014
Sophia,F,18609,2014
Isabella,F,17089,2014
Ava,F,15696,2014
Mia,F,13512,2014
Emily,F,12647,2014
Abigail,F,12085,2014
Madison,F,10320,2014
Charlotte,F,10115,2014
Harper,F,9608,2014
Sofia,F,9597,2014
Avery,F,9568,2014
Elizabeth,F,9564,2014
Amelia,F,8795,2014
Evelyn,F,8747,2014
Ella,F,8553,2014
Chloe,F,8538,2014
Victoria,F,7996,2014
Grace,F,7641,2014
Aubrey,F,7623,2014
Zoey,F,7411,2014
Natalie,F,7105,2014
Addison,F,6988,2014
Lillian,F,6913,2014
Brooklyn,F,6816,2014
Lily,F,6773,2014
Hannah,F,6585,2014
Layla,F,6453,2014
Scarlett,F,6005,2014
Aria,F,5923,2014
Zoe,F,5877,2014
Samantha,F,5726,2014
Anna,F,5689,2014
Leah,F,5604,2014
Audrey,F,5563,2014
Ariana,F,5495,2014
Savannah,F,5473,2014
Allison,F,5472,2014
Arianna,F,5267,2014
Camila,F,5218,2014
Gabriella,F,5098,2014
Penelope,F,5084,2014
Claire,F,5014,2014
Aaliyah,F,4883,2014
Sadie,F,4860,2014
Riley,F,4794,2014
Skylar,F,4770,2014
Nora,F,4738,2014
Sarah,F,4703,2014
Hailey,F,4615,2014
Kaylee,F,4539,2014
Paisley,F,4494,2014
Kennedy,F,4489,2014
Ellie,F,4480,2014
Peyton,F,4447,2014
Annabelle,F,4355,2014
Caroline,F,4344,2014
Serenity,F,4330,2014
Madelyn,F,4309,2014
Lucy,F,4295,2014
Aubree,F,4271,2014
Alexa,F,4246,2014
Nevaeh,F,4239,2014
Alexis,F,4234,2014
Stella,F,4198,2014
Violet,F,4184,2014
Genesis,F,4163,2014
Mackenzie,F,4150,2014
Bella,F,4087,2014
Autumn,F,4066,2014
Mila,F,4056,2014
Kylie,F,3957,2014
Maya,F,3949,2014
Piper,F,3866,2014
Alyssa,F,3829,2014
Taylor,F,3809,2014
Eleanor,F,3736,2014
Faith,F,3719,2014
Naomi,F,3708,2014
Melanie,F,3696,2014
Eva,F,3682,2014
Katherine,F,3678,2014
Lydia,F,3640,2014
Brianna,F,3608,2014
Julia,F,3599,2014
Ashley,F,3556,2014
Khloe,F,3544,2014
Madeline,F,3442,2014
Ruby,F,3423,2014
Sophie,F,3388,2014
Alexandra,F,3311,2014
London,F,3286,2014
Lauren,F,3090,2014
Gianna,F,3078,2014
Isabelle,F,3075,2014
Vivian,F,3062,2014
Alice,F,3052,2014
Jasmine,F,3024,2014
Hadley,F,3013,2014
Kayla,F,3007,2014
Morgan,F,3001,2014
Cora,F,2964,2014
Bailey,F,2942,2014
Hazel,F,2904,2014
Reagan,F,2900,2014
Kimberly,F,2899,2014
Clara,F,2854,2014
Sydney,F,2852,2014
Trinity,F,2805,2014
Natalia,F,2796,2014
Valentina,F,2779,2014
Rylee,F,2772,2014
Maria,F,2769,2014
Jocelyn,F,2759,2014
Eliana,F,2741,2014
Aurora,F,2740,2014
Brielle,F,2651,2014
Liliana,F,2637,2014
Mary,F,2632,2014
Elena,F,2612,2014
Molly,F,2601,2014
Makayla,F,2584,2014
Lilly,F,2569,2014
Andrea,F,2557,2014
Quinn,F,2550,2014
Jordyn,F,2548,2014
Nicole,F,2533,2014
Adalynn,F,2521,2014
Delilah,F,2511,2014
Kinsley,F,2442,2014
Kendall,F,2440,2014
Ariel,F,2438,2014
Payton,F,2411,2014
Paige,F,2409,2014
Mariah,F,2402,2014
Mya,F,2402,2014
Willow,F,2400,2014
Brooke,F,2389,2014
Jade,F,2388,2014
Lyla,F,2380,2014
Ximena,F,2339,2014
Luna,F,2337,2014
Isabel,F,2327,2014
Mckenzie,F,2321,2014
Ivy,F,2287,2014
Josephine,F,2283,2014
Amy,F,2192,2014
Laila,F,2144,2014
Isla,F,2133,2014
Eden,F,2132,2014
Angelina,F,2123,2014
Adalyn,F,2117,2014
Londyn,F,2092,2014
Rachel,F,2085,2014
Destiny,F,2068,2014
Melody,F,2060,2014
Juliana,F,2059,2014
Kaitlyn,F,2057,2014
Brooklynn,F,2054,2014
Emery,F,2046,2014
Gracie,F,2044,2014
Norah,F,2007,2014
Emilia,F,2000,2014
Reese,F,1971,2014
Aliyah,F,1967,2014
Elise,F,1967,2014
Sara,F,1967,2014
Margaret,F,1950,2014
Catherine,F,1941,2014
Vanessa,F,1925,2014
Gabrielle,F,1921,2014
Katelyn,F,1917,2014
Arabella,F,1904,2014
Valeria,F,1890,2014
Valerie,F,1882,2014
Adriana,F,1874,2014
Everly,F,1869,2014
Jessica,F,1797,2014
Daisy,F,1785,2014
Rebecca,F,1778,2014
Makenzie,F,1774,2014
Lila,F,1773,2014
Summer,F,1773,2014
Julianna,F,1770,2014
Callie,F,1760,2014
Ryleigh,F,1750,2014
Michelle,F,1749,2014
Alaina,F,1742,2014
Presley,F,1742,2014
Angela,F,1734,2014
Harmony,F,1721,2014
Alina,F,1713,2014
Rose,F,1693,2014
Athena,F,1688,2014
Emerson,F,1682,2014
Adelyn,F,1673,2014
Alana,F,1672,2014
Izabella,F,1668,2014
Hayden,F,1663,2014
Cali,F,1660,2014
Esther,F,1660,2014
Marley,F,1647,2014
Fiona,F,1646,2014
Stephanie,F,1641,2014
Cecilia,F,1638,2014
Jayla,F,1621,2014
Kate,F,1620,2014
Kinley,F,1617,2014
Genevieve,F,1608,2014
Alexandria,F,1604,2014
Eliza,F,1602,2014
Alivia,F,1598,2014
Kylee,F,1589,2014
Giselle,F,1576,2014
Arya,F,1554,2014
Alayna,F,1547,2014
Leilani,F,1538,2014
Adeline,F,1530,2014
Ana,F,1530,2014
Jennifer,F,1521,2014
Tessa,F,1520,2014
Finley,F,1510,2014
Melissa,F,1506,2014
Aniyah,F,1494,2014
Daniela,F,1493,2014
Keira,F,1468,2014
Daleyza,F,1466,2014
Hope,F,1440,2014
Charlie,F,1438,2014
Lucia,F,1433,2014
Gabriela,F,1411,2014
Mckenna,F,1403,2014
Parker,F,1399,2014
Brynlee,F,1396,2014
Lola,F,1388,2014
Amaya,F,1362,2014
Maggie,F,1354,2014
Miranda,F,1351,2014
Anastasia,F,1342,2014
Georgia,F,1333,2014
Leila,F,1330,2014
Lexi,F,1330,2014
Kenzie,F,1328,2014
Iris,F,1325,2014
Jordan,F,1312,2014
Cassidy,F,1308,2014
Jacqueline,F,1308,2014
Vivienne,F,1297,2014
Noelle,F,1292,2014
Camille,F,1288,2014
Josie,F,1285,2014
Teagan,F,1283,2014
Adrianna,F,1280,2014
Annabella,F,1277,2014
Allie,F,1276,2014
Juliette,F,1272,2014
Kendra,F,1271,2014
Juliet,F,1268,2014
Sienna,F,1264,2014
Brynn,F,1257,2014
Kali,F,1256,2014
Danielle,F,1242,2014
Maci,F,1238,2014
Jenna,F,1234,2014
Haley,F,1233,2014
Raelynn,F,1231,2014
Delaney,F,1230,2014
Paris,F,1226,2014
Alexia,F,1223,2014
Lyric,F,1219,2014
Gemma,F,1218,2014
Lilliana,F,1213,2014
Angel,F,1200,2014
Chelsea,F,1194,2014
Evangeline,F,1187,2014
Ayla,F,1182,2014
Kayleigh,F,1172,2014
Lena,F,1167,2014
Katie,F,1165,2014
Elaina,F,1151,2014
Olive,F,1151,2014
Madeleine,F,1149,2014
Dakota,F,1147,2014
Makenna,F,1146,2014
Elsa,F,1140,2014
Nova,F,1132,2014
Nadia,F,1124,2014
Kaydence,F,1121,2014
Journey,F,1120,2014
Alison,F,1118,2014
Jada,F,1117,2014
Kathryn,F,1113,2014
Shelby,F,1110,2014
Nina,F,1106,2014
Phoebe,F,1103,2014
Elliana,F,1102,2014
Diana,F,1092,2014
Skyler,F,1083,2014
Alessandra,F,1081,2014
Eloise,F,1081,2014
Nyla,F,1080,2014
Madilyn,F,1077,2014
Miriam,F,1070,2014
Amber,F,1064,2014
Adelynn,F,1061,2014
Megan,F,1061,2014
Ashlyn,F,1059,2014
Ruth,F,1059,2014
Rosalie,F,1058,2014
Amiyah,F,1057,2014
Annie,F,1055,2014
Charlee,F,1054,2014
Amanda,F,1053,2014
Adelaide,F,1050,2014
Laura,F,1049,2014
Lilah,F,1049,2014
June,F,1048,2014
Daniella,F,1042,2014
Mikayla,F,1036,2014
Jane,F,1026,2014
Raegan,F,1025,2014
Christina,F,1022,2014
Erin,F,1021,2014
Joanna,F,1021,2014
Ashlynn,F,1020,2014
Haven,F,1018,2014
Kelsey,F,1017,2014
Talia,F,1013,2014
Fatima,F,1012,2014
Allyson,F,1011,2014
Mariana,F,1009,2014
Sabrina,F,1008,2014
Elsie,F,1004,2014
Cadence,F,1003,2014
Ainsley,F,1001,2014
Noah,M,19305,2014
Liam,M,18462,2014
Mason,M,17201,2014
Jacob,M,16883,2014
William,M,16820,2014
Ethan,M,15724,2014
Michael,M,15454,2014
Alexander,M,15414,2014
James,M,14431,2014
Daniel,M,13937,2014
Elijah,M,13832,2014
Benjamin,M,13801,2014
Logan,M,13648,2014
Aiden,M,13402,2014
Jayden,M,12966,2014
Matthew,M,12912,2014
Jackson,M,12219,2014
David,M,12214,2014
Lucas,M,12158,2014
Joseph,M,12118,2014
Anthony,M,11580,2014
Andrew,M,11159,2014
Samuel,M,10995,2014
Gabriel,M,10918,2014
Joshua,M,10901,2014
John,M,10691,2014
Carter,M,10677,2014
Luke,M,10506,2014
Dylan,M,10410,2014
Christopher,M,10352,2014
Isaac,M,9977,2014
Oliver,M,9439,2014
Henry,M,9432,2014
Sebastian,M,9306,2014
Caleb,M,9225,2014
Owen,M,9150,2014
Ryan,M,9085,2014
Nathan,M,8976,2014
Wyatt,M,8874,2014
Hunter,M,8812,2014
Jack,M,8747,2014
Christian,M,8455,2014
Landon,M,8226,2014
Jonathan,M,8106,2014
Levi,M,8050,2014
Jaxon,M,7701,2014
Julian,M,7671,2014
Isaiah,M,7620,2014
Eli,M,7488,2014
Aaron,M,7392,2014
Charles,M,7345,2014
Connor,M,7223,2014
Cameron,M,7056,2014
Thomas,M,7028,2014
Jeremiah,M,6874,2014
Jordan,M,6869,2014
Nicholas,M,6765,2014
Evan,M,6717,2014
Adrian,M,6690,2014
Robert,M,6640,2014
Gavin,M,6618,2014
Brayden,M,6580,2014
Grayson,M,6571,2014
Josiah,M,6458,2014
Colton,M,6389,2014
Austin,M,6304,2014
Angel,M,6303,2014
Jace,M,6289,2014
Dominic,M,6252,2014
Kevin,M,5896,2014
Brandon,M,5840,2014
Tyler,M,5830,2014
Parker,M,5712,2014
Ayden,M,5619,2014
Jason,M,5555,2014
Jose,M,5480,2014
Ian,M,5455,2014
Chase,M,5355,2014
Adam,M,5328,2014
Hudson,M,5238,2014
Nolan,M,5204,2014
Zachary,M,5181,2014
Easton,M,4983,2014
Blake,M,4943,2014
Jaxson,M,4931,2014
Cooper,M,4842,2014
Lincoln,M,4820,2014
Xavier,M,4771,2014
Bentley,M,4768,2014
Kayden,M,4726,2014
Carson,M,4618,2014
Brody,M,4323,2014
Asher,M,4321,2014
Nathaniel,M,4304,2014
Ryder,M,4102,2014
Justin,M,4029,2014
Leo,M,3966,2014
Tristan,M,3911,2014
Juan,M,3899,2014
Luis,M,3899,2014
Camden,M,3890,2014
Damian,M,3878,2014
Elias,M,3777,2014
Vincent,M,3760,2014
Jase,M,3744,2014
Mateo,M,3741,2014
Maxwell,M,3734,2014
Miles,M,3681,2014
Micah,M,3659,2014
Sawyer,M,3593,2014
Jesus,M,3521,2014
Max,M,3493,2014
Roman,M,3467,2014
Leonardo,M,3447,2014
Santiago,M,3424,2014
Cole,M,3423,2014
Carlos,M,3420,2014
Bryson,M,3419,2014
Ezra,M,3415,2014
Braxton,M,3350,2014
Brantley,M,3348,2014
Declan,M,3318,2014
Eric,M,3314,2014
Kaiden,M,3264,2014
Giovanni,M,3240,2014
Theodore,M,3223,2014
Harrison,M,3203,2014
Alex,M,3181,2014
Diego,M,3170,2014
Wesley,M,3139,2014
Bryce,M,3114,2014
Ivan,M,3077,2014
Greyson,M,3045,2014
Timothy,M,3009,2014
George,M,3004,2014
Weston,M,2964,2014
Silas,M,2929,2014
Jonah,M,2913,2014
Antonio,M,2892,2014
Colin,M,2883,2014
Hayden,M,2881,2014
Richard,M,2879,2014
Ashton,M,2813,2014
Axel,M,2798,2014
Steven,M,2797,2014
Kaleb,M,2758,2014
Miguel,M,2752,2014
Preston,M,2728,2014
Bryan,M,2725,2014
Jayce,M,2710,2014
Victor,M,2681,2014
Ryker,M,2676,2014
Patrick,M,2673,2014
Joel,M,2664,2014
Grant,M,2642,2014
Emmett,M,2636,2014
Marcus,M,2609,2014
Alejandro,M,2601,2014
Jameson,M,2593,2014
Kingston,M,2593,2014
Jude,M,2588,2014
Edward,M,2583,2014
Maddox,M,2573,2014
Emmanuel,M,2566,2014
Abel,M,2562,2014
Bennett,M,2544,2014
Everett,M,2537,2014
Brian,M,2529,2014
Jeremy,M,2515,2014
Alan,M,2497,2014
Kaden,M,2470,2014
Jesse,M,2459,2014
Jaden,M,2458,2014
Riley,M,2444,2014
King,M,2435,2014
Tucker,M,2419,2014
Kai,M,2406,2014
Malachi,M,2386,2014
Kyle,M,2383,2014
Abraham,M,2378,2014
Ezekiel,M,2375,2014
Calvin,M,2332,2014
Bradley,M,2325,2014
Oscar,M,2321,2014
Luca,M,2302,2014
Avery,M,2282,2014
Aidan,M,2278,2014
Zayden,M,2219,2014
Mark,M,2184,2014
Jake,M,2166,2014
Kenneth,M,2148,2014
Maximus,M,2135,2014
Sean,M,2122,2014
Karter,M,2111,2014
Brady,M,2092,2014
Nicolas,M,2074,2014
Caden,M,2059,2014
Cayden,M,2045,2014
Graham,M,2038,2014
Jayceon,M,2011,2014
Paul,M,2003,2014
Gage,M,1934,2014
Corbin,M,1927,2014
Peter,M,1919,2014
Derek,M,1879,2014
Maverick,M,1877,2014
Tanner,M,1858,2014
Jax,M,1848,2014
Jorge,M,1847,2014
Peyton,M,1839,2014
Xander,M,1832,2014
Amir,M,1817,2014
Gael,M,1808,2014
Omar,M,1806,2014
Iker,M,1789,2014
Elliot,M,1768,2014
Javier,M,1765,2014
Jasper,M,1749,2014
Cody,M,1745,2014
Rylan,M,1738,2014
Andres,M,1710,2014
Dean,M,1710,2014
Collin,M,1699,2014
Zane,M,1693,2014
Charlie,M,1690,2014
Myles,M,1667,2014
Lorenzo,M,1637,2014
Beau,M,1634,2014
Conner,M,1634,2014
Lukas,M,1631,2014
Simon,M,1616,2014
Francisco,M,1599,2014
Elliott,M,1591,2014
Finn,M,1583,2014
Gunner,M,1576,2014
Garrett,M,1562,2014
Jaiden,M,1559,2014
Keegan,M,1556,2014
Rowan,M,1547,2014
Judah,M,1544,2014
August,M,1540,2014
Griffin,M,1537,2014
Israel,M,1537,2014
Chance,M,1527,2014
Beckett,M,1525,2014
Brooks,M,1520,2014
Zander,M,1520,2014
Spencer,M,1516,2014
Damien,M,1508,2014
Seth,M,1502,2014
Waylon,M,1499,2014
Devin,M,1489,2014
Travis,M,1489,2014
Emiliano,M,1480,2014
Zion,M,1480,2014
Ricardo,M,1462,2014
Stephen,M,1445,2014
Erick,M,1442,2014
Reid,M,1432,2014
Martin,M,1431,2014
Eduardo,M,1429,2014
Paxton,M,1429,2014
Fernando,M,1403,2014
Raymond,M,1402,2014
Manuel,M,1380,2014
Jeffrey,M,1377,2014
Felix,M,1375,2014
Josue,M,1365,2014
Dallas,M,1364,2014
Mario,M,1364,2014
Clayton,M,1360,2014
Caiden,M,1354,2014
Cristian,M,1342,2014
Trevor,M,1325,2014
Troy,M,1324,2014
Cash,M,1322,2014
Shane,M,1296,2014
Kameron,M,1292,2014
Cesar,M,1283,2014
Emilio,M,1281,2014
Andre,M,1278,2014
Titus,M,1275,2014
Tyson,M,1274,2014
Andy,M,1267,2014
Donovan,M,1267,2014
Knox,M,1243,2014
River,M,1241,2014
Kyler,M,1227,2014
Louis,M,1225,2014
Cruz,M,1221,2014
Holden,M,1217,2014
Hector,M,1213,2014
Rafael,M,1202,2014
Landen,M,1201,2014
Lane,M,1197,2014
Johnathan,M,1190,2014
Jared,M,1189,2014
Messiah,M,1188,2014
Edwin,M,1184,2014
Johnny,M,1183,2014
Archer,M,1182,2014
Edgar,M,1178,2014
Alexis,M,1175,2014
Anderson,M,1161,2014
Trenton,M,1155,2014
Arthur,M,1149,2014
Sergio,M,1141,2014
Marco,M,1128,2014
Dominick,M,1127,2014
Julius,M,1127,2014
Milo,M,1114,2014
Dalton,M,1113,2014
Remington,M,1108,2014
Gregory,M,1107,2014
Dante,M,1105,2014
Angelo,M,1101,2014
Reed,M,1095,2014
Jaylen,M,1092,2014
Marshall,M,1084,2014
Dawson,M,1081,2014
Leon,M,1078,2014
Shawn,M,1063,2014
Drew,M,1062,2014
Emerson,M,1055,2014
Fabian,M,1048,2014
Joaquin,M,1045,2014
Walker,M,1044,2014
Karson,M,1037,2014
Erik,M,1036,2014
Desmond,M,1033,2014
Emanuel,M,1022,2014
Jett,M,1020,2014
Kendrick,M,1010,2014
Ali,M,1009,2014
﻿Emma,F,20455,2015
Olivia,F,19691,2015
Sophia,F,17417,2015
Ava,F,16378,2015
Isabella,F,15617,2015
Mia,F,14905,2015
Abigail,F,12401,2015
Emily,F,11786,2015
Charlotte,F,11398,2015
Harper,F,10295,2015
Madison,F,10088,2015
Amelia,F,9861,2015
Elizabeth,F,9730,2015
Sofia,F,9690,2015
Evelyn,F,9363,2015
Avery,F,9342,2015
Chloe,F,7930,2015
Ella,F,7902,2015
Grace,F,7656,2015
Victoria,F,7609,2015
Aubrey,F,7386,2015
Scarlett,F,7131,2015
Zoey,F,6944,2015
Addison,F,6721,2015
Lily,F,6661,2015
Lillian,F,6612,2015
Natalie,F,6500,2015
Hannah,F,6414,2015
Aria,F,6405,2015
Layla,F,6330,2015
Brooklyn,F,6311,2015
Alexa,F,6052,2015
Zoe,F,6041,2015
Penelope,F,5949,2015
Riley,F,5730,2015
Leah,F,5618,2015
Audrey,F,5603,2015
Savannah,F,5456,2015
Allison,F,5346,2015
Samantha,F,5340,2015
Nora,F,5323,2015
Skylar,F,5281,2015
Camila,F,5274,2015
Anna,F,5130,2015
Paisley,F,5078,2015
Ariana,F,4958,2015
Aaliyah,F,4863,2015
Ellie,F,4862,2015
Claire,F,4829,2015
Violet,F,4813,2015
Stella,F,4792,2015
Sadie,F,4752,2015
Mila,F,4730,2015
Gabriella,F,4622,2015
Lucy,F,4547,2015
Arianna,F,4530,2015
Sarah,F,4521,2015
Kennedy,F,4519,2015
Madelyn,F,4481,2015
Eleanor,F,4434,2015
Kaylee,F,4363,2015
Caroline,F,4329,2015
Hazel,F,4297,2015
Hailey,F,4247,2015
Genesis,F,4160,2015
Kylie,F,4153,2015
Piper,F,4130,2015
Maya,F,4125,2015
Autumn,F,4114,2015
Nevaeh,F,4002,2015
Serenity,F,3985,2015
Peyton,F,3902,2015
Mackenzie,F,3858,2015
Bella,F,3794,2015
Eva,F,3761,2015
Naomi,F,3761,2015
Taylor,F,3746,2015
Aurora,F,3642,2015
Aubree,F,3630,2015
Lydia,F,3498,2015
Melanie,F,3493,2015
Brianna,F,3469,2015
Ruby,F,3462,2015
Katherine,F,3445,2015
Ashley,F,3424,2015
Alexis,F,3418,2015
Alice,F,3418,2015
Cora,F,3401,2015
Julia,F,3373,2015
Madeline,F,3335,2015
Faith,F,3325,2015
Annabelle,F,3273,2015
Alyssa,F,3252,2015
Isabelle,F,3217,2015
Vivian,F,3201,2015
Gianna,F,3177,2015
Quinn,F,3090,2015
Clara,F,3064,2015
Reagan,F,3055,2015
Alexandra,F,3001,2015
Khloe,F,3001,2015
Eliana,F,2984,2015
Hadley,F,2973,2015
Sophie,F,2941,2015
London,F,2915,2015
Elena,F,2891,2015
Bailey,F,2844,2015
Kimberly,F,2838,2015
Maria,F,2825,2015
Jasmine,F,2803,2015
Willow,F,2803,2015
Luna,F,2802,2015
Kinsley,F,2777,2015
Valentina,F,2748,2015
Kayla,F,2736,2015
Delilah,F,2731,2015
Andrea,F,2706,2015
Natalia,F,2696,2015
Lauren,F,2692,2015
Morgan,F,2684,2015
Rylee,F,2680,2015
Sydney,F,2659,2015
Mary,F,2631,2015
Adalynn,F,2618,2015
Ximena,F,2601,2015
Jade,F,2564,2015
Liliana,F,2558,2015
Brielle,F,2534,2015
Trinity,F,2512,2015
Ivy,F,2503,2015
Josephine,F,2500,2015
Adalyn,F,2453,2015
Jocelyn,F,2449,2015
Emery,F,2420,2015
Adeline,F,2407,2015
Jordyn,F,2374,2015
Ariel,F,2345,2015
Everly,F,2329,2015
Lilly,F,2305,2015
Paige,F,2290,2015
Isla,F,2272,2015
Lyla,F,2272,2015
Makayla,F,2256,2015
Molly,F,2252,2015
Emilia,F,2218,2015
Mya,F,2201,2015
Kendall,F,2195,2015
Melody,F,2175,2015
Isabel,F,2167,2015
Brooke,F,2147,2015
Mckenzie,F,2131,2015
Nicole,F,2113,2015
Mariah,F,2109,2015
Payton,F,2109,2015
Margaret,F,2105,2015
Eden,F,2064,2015
Athena,F,2049,2015
Amy,F,2040,2015
Norah,F,2028,2015
Londyn,F,2021,2015
Valeria,F,1977,2015
Sara,F,1974,2015
Angelina,F,1970,2015
Aliyah,F,1966,2015
Gracie,F,1953,2015
Rose,F,1945,2015
Rachel,F,1927,2015
Juliana,F,1901,2015
Brooklynn,F,1890,2015
Laila,F,1888,2015
Valerie,F,1877,2015
Reese,F,1857,2015
Alina,F,1856,2015
Elise,F,1844,2015
Eliza,F,1833,2015
Alaina,F,1819,2015
Catherine,F,1802,2015
Leilani,F,1800,2015
Raelynn,F,1798,2015
Emerson,F,1792,2015
Cecilia,F,1777,2015
Genevieve,F,1774,2015
Daisy,F,1768,2015
Harmony,F,1756,2015
Adriana,F,1729,2015
Vanessa,F,1727,2015
Presley,F,1726,2015
Destiny,F,1723,2015
Rebecca,F,1721,2015
Julianna,F,1711,2015
Hayden,F,1710,2015
Michelle,F,1701,2015
Callie,F,1683,2015
Summer,F,1681,2015
Adelyn,F,1679,2015
Arabella,F,1678,2015
Kaitlyn,F,1660,2015
Ryleigh,F,1657,2015
Lila,F,1654,2015
Arya,F,1642,2015
Daniela,F,1642,2015
Alana,F,1622,2015
Esther,F,1620,2015
Finley,F,1602,2015
Gabrielle,F,1602,2015
Jessica,F,1587,2015
Stephanie,F,1558,2015
Charlie,F,1557,2015
Tessa,F,1557,2015
Makenzie,F,1546,2015
Ana,F,1545,2015
Alexandria,F,1534,2015
Amaya,F,1526,2015
Nova,F,1524,2015
Alivia,F,1518,2015
Anastasia,F,1503,2015
Iris,F,1502,2015
Marley,F,1493,2015
Fiona,F,1492,2015
Angela,F,1487,2015
Giselle,F,1485,2015
Kate,F,1475,2015
Alayna,F,1457,2015
Lola,F,1454,2015
Lucia,F,1452,2015
Juliette,F,1450,2015
Hope,F,1445,2015
Parker,F,1443,2015
Sienna,F,1439,2015
Teagan,F,1438,2015
Georgia,F,1435,2015
Cali,F,1433,2015
Vivienne,F,1429,2015
Izabella,F,1412,2015
Kinley,F,1406,2015
Daleyza,F,1395,2015
Kylee,F,1391,2015
Jayla,F,1388,2015
Katelyn,F,1384,2015
Juliet,F,1356,2015
Maggie,F,1334,2015
Dakota,F,1332,2015
Delaney,F,1327,2015
Brynlee,F,1317,2015
Keira,F,1311,2015
Camille,F,1307,2015
Leila,F,1305,2015
Mckenna,F,1301,2015
Aniyah,F,1299,2015
Josie,F,1290,2015
Jennifer,F,1283,2015
Noelle,F,1282,2015
Melissa,F,1281,2015
Eloise,F,1263,2015
Allie,F,1260,2015
Gabriela,F,1259,2015
Cassidy,F,1234,2015
Jacqueline,F,1231,2015
Brynn,F,1228,2015
Evangeline,F,1220,2015
Sawyer,F,1219,2015
Jordan,F,1216,2015
Paris,F,1212,2015
Olive,F,1211,2015
Ayla,F,1201,2015
Rosalie,F,1189,2015
Kali,F,1183,2015
Maci,F,1177,2015
Gemma,F,1171,2015
Lilliana,F,1171,2015
Raegan,F,1166,2015
Adelaide,F,1160,2015
Lena,F,1160,2015
Journey,F,1152,2015
Kenzie,F,1143,2015
Adelynn,F,1138,2015
Alessandra,F,1138,2015
Miranda,F,1135,2015
Haley,F,1133,2015
June,F,1132,2015
Harley,F,1130,2015
Charlee,F,1125,2015
Talia,F,1122,2015
Angel,F,1119,2015
Lucille,F,1119,2015
Skyler,F,1119,2015
Phoebe,F,1117,2015
Makenna,F,1114,2015
Lyric,F,1112,2015
Jane,F,1111,2015
Elaina,F,1105,2015
Ruth,F,1103,2015
Adrianna,F,1102,2015
Miriam,F,1101,2015
Mariana,F,1089,2015
Diana,F,1088,2015
Danielle,F,1087,2015
Jenna,F,1086,2015
Nina,F,1077,2015
Shelby,F,1073,2015
Elliana,F,1069,2015
Madeleine,F,1066,2015
Amina,F,1064,2015
Amiyah,F,1063,2015
Joanna,F,1061,2015
Jada,F,1060,2015
Chelsea,F,1055,2015
Katie,F,1055,2015
Lexi,F,1053,2015
Vera,F,1052,2015
Maddison,F,1049,2015
Fatima,F,1042,2015
Lilah,F,1030,2015
Malia,F,1027,2015
Madilyn,F,1025,2015
Amanda,F,1023,2015
Daniella,F,1019,2015
Alexia,F,1017,2015
Kathryn,F,1016,2015
Paislee,F,1011,2015
Selena,F,1011,2015
Laura,F,1008,2015
Annie,F,1004,2015
Kayleigh,F,1004,2015
Catalina,F,1001,2015
Nyla,F,1001,2015
Noah,M,19635,2015
Liam,M,18374,2015
Mason,M,16627,2015
Jacob,M,15949,2015
William,M,15909,2015
Ethan,M,15077,2015
James,M,14824,2015
Alexander,M,14547,2015
Michael,M,14431,2015
Benjamin,M,13700,2015
Elijah,M,13651,2015
Daniel,M,13506,2015
Aiden,M,13461,2015
Logan,M,12919,2015
Matthew,M,12749,2015
Lucas,M,12305,2015
Jackson,M,12269,2015
David,M,11792,2015
Oliver,M,11655,2015
Jayden,M,11541,2015
Joseph,M,11487,2015
Gabriel,M,10870,2015
Samuel,M,10865,2015
Carter,M,10780,2015
Anthony,M,10634,2015
John,M,10386,2015
Dylan,M,10277,2015
Luke,M,10276,2015
Henry,M,10172,2015
Andrew,M,10110,2015
Isaac,M,9964,2015
Christopher,M,9815,2015
Joshua,M,9801,2015
Wyatt,M,9645,2015
Sebastian,M,9620,2015
Owen,M,9596,2015
Caleb,M,8801,2015
Nathan,M,8588,2015
Ryan,M,8526,2015
Jack,M,8499,2015
Hunter,M,8330,2015
Levi,M,8306,2015
Christian,M,8196,2015
Jaxon,M,8067,2015
Julian,M,8046,2015
Landon,M,7929,2015
Grayson,M,7908,2015
Jonathan,M,7626,2015
Isaiah,M,7613,2015
Charles,M,7187,2015
Thomas,M,7187,2015
Aaron,M,7159,2015
Eli,M,7139,2015
Jeremiah,M,6783,2015
Connor,M,6758,2015
Cameron,M,6745,2015
Josiah,M,6661,2015
Adrian,M,6526,2015
Jordan,M,6303,2015
Colton,M,6300,2015
Brayden,M,6261,2015
Nicholas,M,6241,2015
Robert,M,6119,2015
Angel,M,6100,2015
Hudson,M,6041,2015
Lincoln,M,5996,2015
Evan,M,5906,2015
Dominic,M,5855,2015
Austin,M,5805,2015
Gavin,M,5784,2015
Nolan,M,5736,2015
Parker,M,5408,2015
Adam,M,5391,2015
Chase,M,5367,2015
Jace,M,5344,2015
Ian,M,5321,2015
Cooper,M,5264,2015
Easton,M,5222,2015
Kevin,M,5173,2015
Jose,M,5164,2015
Tyler,M,5160,2015
Asher,M,5121,2015
Brandon,M,5111,2015
Jaxson,M,5056,2015
Mateo,M,5020,2015
Jason,M,5008,2015
Ayden,M,4883,2015
Zachary,M,4848,2015
Carson,M,4745,2015
Xavier,M,4643,2015
Leo,M,4594,2015
Ezra,M,4330,2015
Bentley,M,4316,2015
Sawyer,M,4268,2015
Kayden,M,4242,2015
Blake,M,4227,2015
Nathaniel,M,4216,2015
Ryder,M,4152,2015
Theodore,M,4149,2015
Elias,M,4096,2015
Tristan,M,3917,2015
Roman,M,3882,2015
Leonardo,M,3819,2015
Camden,M,3760,2015
Micah,M,3749,2015
Brody,M,3740,2015
Miles,M,3736,2015
Luis,M,3732,2015
Vincent,M,3720,2015
Justin,M,3714,2015
Greyson,M,3601,2015
Declan,M,3584,2015
Maxwell,M,3548,2015
Juan,M,3520,2015
Cole,M,3496,2015
Damian,M,3482,2015
Carlos,M,3418,2015
Max,M,3414,2015
Harrison,M,3338,2015
Weston,M,3323,2015
Braxton,M,3300,2015
Brantley,M,3293,2015
Axel,M,3239,2015
Abel,M,3238,2015
Diego,M,3234,2015
Wesley,M,3224,2015
Santiago,M,3217,2015
Silas,M,3181,2015
Jesus,M,3177,2015
Giovanni,M,3135,2015
Bryce,M,3125,2015
Jayce,M,3115,2015
Bryson,M,3104,2015
Alex,M,3103,2015
George,M,3049,2015
Everett,M,3046,2015
Ivan,M,3042,2015
Emmett,M,3040,2015
Eric,M,3038,2015
Kaiden,M,3020,2015
Ashton,M,3009,2015
Kingston,M,2952,2015
Jonah,M,2907,2015
Jameson,M,2849,2015
Kai,M,2847,2015
Ezekiel,M,2799,2015
Timothy,M,2790,2015
Maddox,M,2785,2015
Ryker,M,2762,2015
Emmanuel,M,2742,2015
Hayden,M,2738,2015
Antonio,M,2725,2015
Bennett,M,2713,2015
Steven,M,2702,2015
Richard,M,2675,2015
Jude,M,2666,2015
Luca,M,2612,2015
Joel,M,2598,2015
Edward,M,2595,2015
Malachi,M,2579,2015
Victor,M,2568,2015
Miguel,M,2566,2015
King,M,2560,2015
Patrick,M,2529,2015
Kaleb,M,2524,2015
Bryan,M,2487,2015
Alan,M,2484,2015
Marcus,M,2466,2015
Abraham,M,2447,2015
Preston,M,2442,2015
Calvin,M,2434,2015
Colin,M,2423,2015
Bradley,M,2399,2015
Jeremy,M,2387,2015
Kyle,M,2385,2015
Graham,M,2377,2015
Grant,M,2359,2015
Jesse,M,2345,2015
Kaden,M,2337,2015
Alejandro,M,2314,2015
Oscar,M,2296,2015
Jase,M,2292,2015
Karter,M,2282,2015
Maverick,M,2270,2015
Aidan,M,2263,2015
Tucker,M,2230,2015
Amir,M,2215,2015
Avery,M,2213,2015
Brian,M,2210,2015
Iker,M,2176,2015
Matteo,M,2170,2015
Caden,M,2134,2015
Zayden,M,2130,2015
Riley,M,2088,2015
August,M,2087,2015
Mark,M,2065,2015
Maximus,M,2060,2015
Brady,M,2030,2015
Paul,M,2025,2015
Kenneth,M,2022,2015
Jaden,M,2008,2015
Nicolas,M,1995,2015
Beau,M,1975,2015
Dean,M,1943,2015
Peter,M,1933,2015
Xander,M,1928,2015
Jake,M,1919,2015
Elliot,M,1911,2015
Finn,M,1904,2015
Sean,M,1885,2015
Derek,M,1878,2015
Elliott,M,1871,2015
Cayden,M,1866,2015
Jasper,M,1863,2015
Jax,M,1861,2015
Lorenzo,M,1842,2015
Omar,M,1834,2015
Beckett,M,1820,2015
Rowan,M,1814,2015
Gael,M,1783,2015
Corbin,M,1767,2015
Waylon,M,1760,2015
Myles,M,1736,2015
Tanner,M,1712,2015
Jorge,M,1706,2015
Javier,M,1696,2015
Zion,M,1685,2015
Andres,M,1672,2015
Paxton,M,1672,2015
Emiliano,M,1671,2015
Charlie,M,1669,2015
Zane,M,1665,2015
Brooks,M,1652,2015
Judah,M,1645,2015
Simon,M,1643,2015
Griffin,M,1611,2015
Cody,M,1589,2015
Dawson,M,1585,2015
Gunner,M,1585,2015
Israel,M,1576,2015
Rylan,M,1554,2015
Gage,M,1535,2015
River,M,1514,2015
Messiah,M,1513,2015
Kameron,M,1502,2015
Stephen,M,1494,2015
Francisco,M,1483,2015
Clayton,M,1474,2015
Zander,M,1460,2015
Chance,M,1456,2015
Eduardo,M,1446,2015
Spencer,M,1433,2015
Lukas,M,1428,2015
Damien,M,1417,2015
Dallas,M,1414,2015
Conner,M,1411,2015
Knox,M,1400,2015
Travis,M,1400,2015
Raymond,M,1383,2015
Collin,M,1379,2015
Devin,M,1379,2015
Peyton,M,1379,2015
Felix,M,1375,2015
Jayceon,M,1373,2015
Erick,M,1371,2015
Cash,M,1366,2015
Amari,M,1365,2015
Jaiden,M,1355,2015
Cristian,M,1350,2015
Garrett,M,1350,2015
Fernando,M,1348,2015
Josue,M,1346,2015
Keegan,M,1345,2015
Seth,M,1344,2015
Martin,M,1343,2015
Rhett,M,1339,2015
Ricardo,M,1338,2015
Reid,M,1336,2015
Andre,M,1318,2015
Titus,M,1317,2015
Cesar,M,1303,2015
Donovan,M,1298,2015
Manuel,M,1295,2015
Caiden,M,1290,2015
Mario,M,1289,2015
Kyler,M,1288,2015
Adriel,M,1287,2015
Milo,M,1280,2015
Archer,M,1274,2015
Jeffrey,M,1258,2015
Holden,M,1252,2015
Arthur,M,1245,2015
Rafael,M,1223,2015
Karson,M,1222,2015
Shane,M,1213,2015
Lane,M,1207,2015
Louis,M,1207,2015
Angelo,M,1206,2015
Remington,M,1206,2015
Emerson,M,1202,2015
Troy,M,1199,2015
Maximiliano,M,1195,2015
Hector,M,1192,2015
Emilio,M,1191,2015
Anderson,M,1185,2015
Trevor,M,1185,2015
Phoenix,M,1161,2015
Walter,M,1157,2015
Johnathan,M,1155,2015
Johnny,M,1149,2015
Edwin,M,1148,2015
Julius,M,1144,2015
Barrett,M,1140,2015
Leon,M,1136,2015
Tyson,M,1130,2015
Tobias,M,1120,2015
Edgar,M,1112,2015
Dominick,M,1107,2015
Marshall,M,1096,2015
Marco,M,1083,2015
Joaquin,M,1080,2015
Dante,M,1074,2015
Andy,M,1066,2015
Cruz,M,1064,2015
Ali,M,1061,2015
Finley,M,1060,2015
Gideon,M,1051,2015
Dalton,M,1048,2015
Jett,M,1046,2015
Reed,M,1045,2015
Enzo,M,1043,2015
Sergio,M,1041,2015
Kyrie,M,1033,2015
Thiago,M,1032,2015
Ronan,M,1028,2015
Cohen,M,1018,2015
Colt,M,1016,2015
Erik,M,1016,2015
Trenton,M,1010,2015
Walker,M,1010,2015
Jared,M,1008,2015
Landen,M,1008,2015
﻿Emma,F,19496,2016
Olivia,F,19365,2016
Ava,F,16302,2016
Sophia,F,16128,2016
Isabella,F,14795,2016
Mia,F,14428,2016
Charlotte,F,13090,2016
Abigail,F,11760,2016
Emily,F,10972,2016
Harper,F,10787,2016
Amelia,F,10774,2016
Evelyn,F,10106,2016
Elizabeth,F,9555,2016
Sofia,F,9167,2016
Madison,F,9030,2016
Avery,F,8765,2016
Ella,F,7908,2016
Scarlett,F,7703,2016
Grace,F,7594,2016
Chloe,F,7461,2016
Victoria,F,7310,2016
Riley,F,7141,2016
Aria,F,6933,2016
Lily,F,6592,2016
Aubrey,F,6533,2016
Zoey,F,6444,2016
Penelope,F,6389,2016
Lillian,F,6358,2016
Addison,F,6322,2016
Layla,F,6264,2016
Natalie,F,6178,2016
Camila,F,6048,2016
Hannah,F,6013,2016
Brooklyn,F,5955,2016
Zoe,F,5743,2016
Nora,F,5589,2016
Leah,F,5415,2016
Savannah,F,5364,2016
Audrey,F,5360,2016
Claire,F,5209,2016
Eleanor,F,5134,2016
Skylar,F,5119,2016
Ellie,F,5065,2016
Samantha,F,4952,2016
Stella,F,4930,2016
Violet,F,4866,2016
Paisley,F,4865,2016
Mila,F,4821,2016
Anna,F,4784,2016
Allison,F,4775,2016
Alexa,F,4770,2016
Hazel,F,4667,2016
Aaliyah,F,4641,2016
Lucy,F,4597,2016
Ariana,F,4595,2016
Caroline,F,4429,2016
Sarah,F,4412,2016
Genesis,F,4342,2016
Kennedy,F,4328,2016
Sadie,F,4286,2016
Gabriella,F,4244,2016
Madelyn,F,4231,2016
Adeline,F,4115,2016
Maya,F,4082,2016
Autumn,F,4027,2016
Aurora,F,3990,2016
Piper,F,3949,2016
Hailey,F,3938,2016
Arianna,F,3888,2016
Ruby,F,3832,2016
Serenity,F,3831,2016
Kaylee,F,3830,2016
Eva,F,3799,2016
Naomi,F,3795,2016
Nevaeh,F,3787,2016
Alice,F,3682,2016
Luna,F,3671,2016
Bella,F,3660,2016
Quinn,F,3646,2016
Lydia,F,3613,2016
Peyton,F,3502,2016
Melanie,F,3482,2016
Kylie,F,3410,2016
Aubree,F,3409,2016
Mackenzie,F,3403,2016
Cora,F,3371,2016
Kinsley,F,3368,2016
Julia,F,3331,2016
Madeline,F,3277,2016
Taylor,F,3276,2016
Katherine,F,3271,2016
Gianna,F,3218,2016
Eliana,F,3199,2016
Elena,F,3182,2016
Vivian,F,3140,2016
Willow,F,3108,2016
Reagan,F,3093,2016
Brianna,F,3088,2016
Clara,F,3072,2016
Faith,F,3066,2016
Ashley,F,3038,2016
Emilia,F,3029,2016
Isabelle,F,3029,2016
Annabelle,F,2992,2016
Rylee,F,2966,2016
Valentina,F,2916,2016
Everly,F,2891,2016
Hadley,F,2880,2016
Sophie,F,2867,2016
Alexandra,F,2847,2016
Natalia,F,2822,2016
Ivy,F,2816,2016
Maria,F,2803,2016
Josephine,F,2789,2016
Delilah,F,2727,2016
Bailey,F,2701,2016
Jade,F,2695,2016
Alexis,F,2683,2016
Ximena,F,2679,2016
Alyssa,F,2671,2016
Brielle,F,2660,2016
Jasmine,F,2641,2016
Liliana,F,2635,2016
Adalynn,F,2590,2016
Khloe,F,2536,2016
Isla,F,2519,2016
Mary,F,2508,2016
Andrea,F,2477,2016
Kayla,F,2462,2016
Emery,F,2419,2016
London,F,2353,2016
Morgan,F,2332,2016
Kimberly,F,2330,2016
Lauren,F,2322,2016
Sydney,F,2317,2016
Nova,F,2281,2016
Trinity,F,2227,2016
Lyla,F,2220,2016
Margaret,F,2214,2016
Ariel,F,2188,2016
Adalyn,F,2187,2016
Athena,F,2171,2016
Lilly,F,2152,2016
Melody,F,2137,2016
Isabel,F,2113,2016
Jordyn,F,2105,2016
Jocelyn,F,2100,2016
Eden,F,2084,2016
Paige,F,2049,2016
Teagan,F,2044,2016
Valeria,F,2037,2016
Sara,F,2036,2016
Rose,F,2030,2016
Norah,F,2024,2016
Aliyah,F,1999,2016
Mckenzie,F,1988,2016
Molly,F,1983,2016
Raelynn,F,1977,2016
Leilani,F,1964,2016
Emerson,F,1962,2016
Valerie,F,1962,2016
Juliana,F,1950,2016
Nicole,F,1948,2016
Laila,F,1947,2016
Makayla,F,1934,2016
Mariah,F,1920,2016
Elise,F,1913,2016
Mya,F,1912,2016
Arya,F,1896,2016
Ryleigh,F,1881,2016
Adaline,F,1878,2016
Rachel,F,1872,2016
Brooke,F,1864,2016
Eliza,F,1863,2016
Angelina,F,1850,2016
Amy,F,1840,2016
Cecilia,F,1826,2016
Reese,F,1822,2016
Alina,F,1818,2016
Londyn,F,1817,2016
Gracie,F,1810,2016
Esther,F,1809,2016
Payton,F,1798,2016
Alaina,F,1765,2016
Charlie,F,1762,2016
Iris,F,1747,2016
Arabella,F,1737,2016
Genevieve,F,1731,2016
Finley,F,1725,2016
Daisy,F,1722,2016
Harmony,F,1717,2016
Anastasia,F,1704,2016
Kendall,F,1698,2016
Daniela,F,1667,2016
Catherine,F,1666,2016
Adelyn,F,1665,2016
Vanessa,F,1658,2016
Juliette,F,1655,2016
Brooklynn,F,1653,2016
Julianna,F,1602,2016
Presley,F,1601,2016
Summer,F,1597,2016
Destiny,F,1590,2016
Amaya,F,1583,2016
Hayden,F,1576,2016
Rebecca,F,1575,2016
Alana,F,1570,2016
Eloise,F,1564,2016
Michelle,F,1560,2016
Fiona,F,1558,2016
Lila,F,1557,2016
Callie,F,1539,2016
Lucia,F,1521,2016
Angela,F,1509,2016
Marley,F,1495,2016
Adriana,F,1493,2016
Parker,F,1478,2016
Alexandria,F,1471,2016
Giselle,F,1462,2016
Alivia,F,1461,2016
Alayna,F,1437,2016
Ana,F,1434,2016
Brynlee,F,1431,2016
Harley,F,1427,2016
Gabrielle,F,1419,2016
Dakota,F,1413,2016
Georgia,F,1413,2016
Juliet,F,1396,2016
Tessa,F,1389,2016
Kate,F,1388,2016
Leila,F,1388,2016
Jessica,F,1386,2016
Jayla,F,1382,2016
Lola,F,1380,2016
Sienna,F,1371,2016
Stephanie,F,1370,2016
Josie,F,1359,2016
Daleyza,F,1350,2016
Rowan,F,1349,2016
Hope,F,1339,2016
Evangeline,F,1335,2016
Maggie,F,1322,2016
Makenzie,F,1304,2016
Camille,F,1303,2016
Vivienne,F,1281,2016
Sawyer,F,1280,2016
Gemma,F,1272,2016
Joanna,F,1270,2016
Noelle,F,1265,2016
Elliana,F,1260,2016
Mckenna,F,1250,2016
Gabriela,F,1246,2016
Rosalie,F,1246,2016
Kinley,F,1245,2016
Adelaide,F,1239,2016
Brynn,F,1237,2016
Ayla,F,1235,2016
Melissa,F,1234,2016
Amiyah,F,1233,2016
Malia,F,1231,2016
Izabella,F,1222,2016
Delaney,F,1206,2016
Journey,F,1204,2016
Cali,F,1197,2016
Sloane,F,1191,2016
Maci,F,1190,2016
Elaina,F,1189,2016
June,F,1187,2016
Diana,F,1180,2016
Blakely,F,1176,2016
Aniyah,F,1165,2016
Olive,F,1161,2016
Jennifer,F,1160,2016
Paris,F,1158,2016
Lena,F,1138,2016
Miranda,F,1138,2016
Lyric,F,1135,2016
Jacqueline,F,1134,2016
Jane,F,1134,2016
Raegan,F,1133,2016
Lilliana,F,1132,2016
Lucille,F,1130,2016
Paislee,F,1130,2016
River,F,1130,2016
Adelynn,F,1128,2016
Annie,F,1123,2016
Selena,F,1122,2016
Cassidy,F,1121,2016
Jordan,F,1120,2016
Thea,F,1120,2016
Miriam,F,1118,2016
Mariana,F,1113,2016
Amina,F,1102,2016
Haven,F,1101,2016
Charlee,F,1100,2016
Remi,F,1099,2016
Ruth,F,1097,2016
Blake,F,1096,2016
Lilah,F,1088,2016
Amara,F,1083,2016
Kali,F,1081,2016
Kylee,F,1075,2016
Arielle,F,1072,2016
Emersyn,F,1071,2016
Alessandra,F,1067,2016
Fatima,F,1065,2016
Talia,F,1058,2016
Vera,F,1058,2016
Ariah,F,1045,2016
Nina,F,1045,2016
Allie,F,1038,2016
Addilyn,F,1037,2016
Keira,F,1036,2016
Phoebe,F,1032,2016
Catalina,F,1030,2016
Raelyn,F,1026,2016
Lexi,F,1024,2016
Zara,F,1022,2016
Ember,F,1020,2016
Makenna,F,1019,2016
Angel,F,1010,2016
Haley,F,1010,2016
Leia,F,1010,2016
Rylie,F,1005,2016
Noah,M,19117,2016
Liam,M,18218,2016
William,M,15761,2016
Mason,M,15244,2016
James,M,14862,2016
Benjamin,M,14641,2016
Jacob,M,14510,2016
Michael,M,14088,2016
Elijah,M,13902,2016
Ethan,M,13819,2016
Alexander,M,13408,2016
Oliver,M,13037,2016
Daniel,M,12944,2016
Lucas,M,12881,2016
Matthew,M,12621,2016
Aiden,M,12228,2016
Jackson,M,11284,2016
Logan,M,11244,2016
David,M,11110,2016
Joseph,M,10918,2016
Samuel,M,10576,2016
Henry,M,10374,2016
Owen,M,10294,2016
Sebastian,M,10286,2016
Gabriel,M,10229,2016
Carter,M,10185,2016
Jayden,M,10121,2016
John,M,10013,2016
Luke,M,9984,2016
Anthony,M,9865,2016
Isaac,M,9742,2016
Dylan,M,9694,2016
Wyatt,M,9561,2016
Andrew,M,9390,2016
Joshua,M,9204,2016
Christopher,M,9066,2016
Grayson,M,8673,2016
Jack,M,8413,2016
Julian,M,8374,2016
Ryan,M,8240,2016
Jaxon,M,8114,2016
Levi,M,8078,2016
Nathan,M,7981,2016
Caleb,M,7958,2016
Hunter,M,7651,2016
Christian,M,7633,2016
Isaiah,M,7519,2016
Thomas,M,7348,2016
Aaron,M,7157,2016
Lincoln,M,7115,2016
Charles,M,7107,2016
Eli,M,7100,2016
Landon,M,7029,2016
Connor,M,7025,2016
Josiah,M,6983,2016
Jonathan,M,6957,2016
Cameron,M,6841,2016
Jeremiah,M,6583,2016
Mateo,M,6549,2016
Adrian,M,6330,2016
Hudson,M,6120,2016
Robert,M,5989,2016
Nicholas,M,5747,2016
Brayden,M,5719,2016
Easton,M,5636,2016
Jordan,M,5632,2016
Nolan,M,5626,2016
Colton,M,5606,2016
Evan,M,5605,2016
Angel,M,5544,2016
Asher,M,5502,2016
Dominic,M,5419,2016
Austin,M,5353,2016
Leo,M,5287,2016
Adam,M,5200,2016
Jace,M,5193,2016
Jose,M,5113,2016
Ian,M,5070,2016
Cooper,M,4970,2016
Gavin,M,4931,2016
Carson,M,4918,2016
Theodore,M,4899,2016
Jaxson,M,4898,2016
Ezra,M,4865,2016
Jason,M,4862,2016
Chase,M,4851,2016
Parker,M,4715,2016
Xavier,M,4599,2016
Zachary,M,4561,2016
Kevin,M,4545,2016
Tyler,M,4498,2016
Ayden,M,4494,2016
Elias,M,4478,2016
Bryson,M,4353,2016
Leonardo,M,4321,2016
Greyson,M,4315,2016
Sawyer,M,4237,2016
Roman,M,4210,2016
Brandon,M,4090,2016
Bentley,M,4044,2016
Kayden,M,4013,2016
Ryder,M,3878,2016
Nathaniel,M,3874,2016
Vincent,M,3828,2016
Miles,M,3735,2016
Santiago,M,3715,2016
Harrison,M,3660,2016
Tristan,M,3626,2016
Declan,M,3616,2016
Cole,M,3596,2016
Maxwell,M,3578,2016
Justin,M,3558,2016
Luis,M,3554,2016
Everett,M,3508,2016
Micah,M,3482,2016
Axel,M,3459,2016
Wesley,M,3423,2016
Max,M,3416,2016
Silas,M,3408,2016
Weston,M,3401,2016
Ezekiel,M,3376,2016
Juan,M,3342,2016
Damian,M,3340,2016
Camden,M,3338,2016
George,M,3303,2016
Braxton,M,3298,2016
Blake,M,3281,2016
Jameson,M,3273,2016
Carlos,M,3198,2016
Diego,M,3194,2016
Ivan,M,3158,2016
Kingston,M,3133,2016
Ashton,M,3095,2016
Jesus,M,3073,2016
Brody,M,3051,2016
Emmett,M,3042,2016
Abel,M,3031,2016
Jayce,M,2964,2016
Maverick,M,2954,2016
Bennett,M,2940,2016
Giovanni,M,2928,2016
Eric,M,2920,2016
Maddox,M,2901,2016
Kaiden,M,2888,2016
Kai,M,2884,2016
Alex,M,2841,2016
Bryce,M,2839,2016
Ryker,M,2791,2016
Calvin,M,2790,2016
Jonah,M,2766,2016
Luca,M,2747,2016
Timothy,M,2658,2016
King,M,2655,2016
Alan,M,2629,2016
Malachi,M,2618,2016
Brantley,M,2603,2016
Abraham,M,2579,2016
Emmanuel,M,2569,2016
Antonio,M,2555,2016
Jude,M,2516,2016
Richard,M,2515,2016
Edward,M,2503,2016
Miguel,M,2503,2016
Victor,M,2457,2016
Amir,M,2436,2016
Joel,M,2419,2016
Steven,M,2391,2016
Hayden,M,2385,2016
Matteo,M,2385,2016
Patrick,M,2355,2016
Grant,M,2349,2016
Preston,M,2309,2016
Tucker,M,2305,2016
Jesse,M,2294,2016
Finn,M,2293,2016
Oscar,M,2258,2016
Kaleb,M,2257,2016
Gael,M,2247,2016
Graham,M,2246,2016
Elliot,M,2236,2016
Alejandro,M,2205,2016
Rowan,M,2190,2016
Marcus,M,2174,2016
Jeremy,M,2128,2016
Zayden,M,2125,2016
Bryan,M,2124,2016
Maximus,M,2120,2016
Beau,M,2119,2016
Karter,M,2118,2016
Avery,M,2117,2016
Aidan,M,2108,2016
Elliott,M,2091,2016
August,M,2086,2016
Nicolas,M,2078,2016
Mark,M,2064,2016
Waylon,M,2053,2016
Colin,M,2049,2016
Bradley,M,2046,2016
Kaden,M,2028,2016
Kyle,M,2024,2016
Xander,M,2006,2016
Caden,M,1991,2016
Paxton,M,1990,2016
Brian,M,1978,2016
Dean,M,1963,2016
Paul,M,1935,2016
Peter,M,1921,2016
Kenneth,M,1914,2016
Jasper,M,1907,2016
Lorenzo,M,1870,2016
Zane,M,1864,2016
River,M,1845,2016
Zion,M,1838,2016
Beckett,M,1836,2016
Jax,M,1809,2016
Dawson,M,1791,2016
Andres,M,1786,2016
Messiah,M,1785,2016
Jaden,M,1781,2016
Rhett,M,1767,2016
Lukas,M,1753,2016
Brady,M,1750,2016
Omar,M,1733,2016
Jorge,M,1722,2016
Riley,M,1717,2016
Derek,M,1710,2016
Charlie,M,1707,2016
Emiliano,M,1699,2016
Myles,M,1697,2016
Griffin,M,1694,2016
Israel,M,1675,2016
Judah,M,1673,2016
Brooks,M,1669,2016
Sean,M,1662,2016
Iker,M,1636,2016
Javier,M,1630,2016
Corbin,M,1604,2016
Tanner,M,1602,2016
Erick,M,1599,2016
Adriel,M,1594,2016
Jase,M,1592,2016
Jake,M,1581,2016
Simon,M,1553,2016
Cayden,M,1552,2016
Knox,M,1534,2016
Tobias,M,1519,2016
Milo,M,1509,2016
Felix,M,1508,2016
Jayceon,M,1473,2016
Gunner,M,1450,2016
Francisco,M,1445,2016
Kameron,M,1445,2016
Cash,M,1443,2016
Remington,M,1414,2016
Cody,M,1403,2016
Rylan,M,1399,2016
Martin,M,1395,2016
Reid,M,1395,2016
Andre,M,1394,2016
Barrett,M,1387,2016
Maximiliano,M,1387,2016
Zander,M,1387,2016
Archer,M,1381,2016
Killian,M,1381,2016
Clayton,M,1374,2016
Stephen,M,1374,2016
Thiago,M,1369,2016
Spencer,M,1367,2016
Amari,M,1358,2016
Holden,M,1356,2016
Josue,M,1350,2016
Arthur,M,1342,2016
Emilio,M,1339,2016
Chance,M,1338,2016
Eduardo,M,1324,2016
Leon,M,1309,2016
Travis,M,1303,2016
Damien,M,1301,2016
Manuel,M,1297,2016
Ricardo,M,1297,2016
Gage,M,1292,2016
Keegan,M,1290,2016
Titus,M,1286,2016
Raymond,M,1272,2016
Kyrie,M,1261,2016
Nash,M,1257,2016
Finley,M,1251,2016
Fernando,M,1244,2016
Louis,M,1242,2016
Peyton,M,1241,2016
Rafael,M,1238,2016
Phoenix,M,1234,2016
Jaiden,M,1232,2016
Lane,M,1229,2016
Emerson,M,1225,2016
Dallas,M,1223,2016
Cristian,M,1212,2016
Collin,M,1202,2016
Kyler,M,1181,2016
Devin,M,1170,2016
Jeffrey,M,1169,2016
Walter,M,1168,2016
Seth,M,1162,2016
Anderson,M,1159,2016
Cesar,M,1159,2016
Donovan,M,1156,2016
Mario,M,1154,2016
Enzo,M,1147,2016
Garrett,M,1146,2016
Conner,M,1144,2016
Legend,M,1138,2016
Caiden,M,1129,2016
Beckham,M,1119,2016
Jett,M,1115,2016
Ronan,M,1109,2016
Troy,M,1104,2016
Edwin,M,1102,2016
Karson,M,1099,2016
Hector,M,1097,2016
Trevor,M,1093,2016
Cohen,M,1088,2016
Ali,M,1086,2016
Conor,M,1084,2016
Orion,M,1068,2016
Shane,M,1066,2016
Marco,M,1062,2016
Andy,M,1059,2016
Angelo,M,1047,2016
Quinn,M,1047,2016
Walker,M,1047,2016
Dalton,M,1045,2016
Tyson,M,1040,2016
Sergio,M,1039,2016
Ace,M,1037,2016
Johnny,M,1033,2016
Colt,M,1030,2016
Dominick,M,1028,2016
Gideon,M,1026,2016
Julius,M,1021,2016
Johnathan,M,1020,2016
Cruz,M,1013,2016
Edgar,M,1013,2016
Dante,M,1008,2016
Prince,M,1008,2016
Marshall,M,1006,2016
﻿Emma,F,19800,2017
Olivia,F,18703,2017
Ava,F,15958,2017
Isabella,F,15180,2017
Sophia,F,14883,2017
Mia,F,13470,2017
Charlotte,F,12937,2017
Amelia,F,11833,2017
Evelyn,F,10712,2017
Abigail,F,10607,2017
Harper,F,10487,2017
Emily,F,9781,2017
Elizabeth,F,8955,2017
Avery,F,8205,2017
Sofia,F,8160,2017
Ella,F,8046,2017
Madison,F,7875,2017
Scarlett,F,7702,2017
Victoria,F,7292,2017
Aria,F,7149,2017
Grace,F,7040,2017
Chloe,F,6944,2017
Camila,F,6766,2017
Penelope,F,6652,2017
Riley,F,6353,2017
Layla,F,6303,2017
Lillian,F,6160,2017
Nora,F,6055,2017
Zoey,F,6045,2017
Mila,F,5964,2017
Aubrey,F,5911,2017
Hannah,F,5907,2017
Lily,F,5837,2017
Addison,F,5616,2017
Eleanor,F,5537,2017
Natalie,F,5534,2017
Luna,F,5344,2017
Savannah,F,5238,2017
Brooklyn,F,5186,2017
Leah,F,5175,2017
Zoe,F,5158,2017
Stella,F,5055,2017
Hazel,F,5023,2017
Ellie,F,5005,2017
Paisley,F,4940,2017
Audrey,F,4825,2017
Violet,F,4719,2017
Skylar,F,4718,2017
Claire,F,4693,2017
Bella,F,4638,2017
Aurora,F,4591,2017
Lucy,F,4587,2017
Anna,F,4544,2017
Samantha,F,4318,2017
Caroline,F,4283,2017
Genesis,F,4254,2017
Aaliyah,F,4174,2017
Kennedy,F,4152,2017
Kinsley,F,4044,2017
Maya,F,4028,2017
Allison,F,4027,2017
Sarah,F,4009,2017
Madelyn,F,3953,2017
Adeline,F,3920,2017
Alexa,F,3891,2017
Gabriella,F,3879,2017
Ariana,F,3876,2017
Elena,F,3873,2017
Naomi,F,3841,2017
Alice,F,3816,2017
Sadie,F,3710,2017
Hailey,F,3699,2017
Eva,F,3629,2017
Autumn,F,3594,2017
Emilia,F,3589,2017
Quinn,F,3589,2017
Nevaeh,F,3584,2017
Ruby,F,3566,2017
Serenity,F,3559,2017
Piper,F,3555,2017
Willow,F,3551,2017
Everly,F,3516,2017
Cora,F,3441,2017
Kaylee,F,3403,2017
Lydia,F,3327,2017
Aubree,F,3316,2017
Arianna,F,3276,2017
Eliana,F,3269,2017
Peyton,F,3250,2017
Melanie,F,3232,2017
Gianna,F,3189,2017
Isabelle,F,3157,2017
Julia,F,3116,2017
Valentina,F,3037,2017
Nova,F,3036,2017
Clara,F,3035,2017
Vivian,F,3023,2017
Reagan,F,3001,2017
Madeline,F,2952,2017
Mackenzie,F,2950,2017
Brielle,F,2891,2017
Delilah,F,2882,2017
Isla,F,2874,2017
Katherine,F,2853,2017
Rylee,F,2853,2017
Sophie,F,2831,2017
Josephine,F,2813,2017
Ivy,F,2770,2017
Liliana,F,2757,2017
Jade,F,2732,2017
Maria,F,2707,2017
Hadley,F,2706,2017
Taylor,F,2699,2017
Kylie,F,2695,2017
Emery,F,2692,2017
Adalynn,F,2659,2017
Faith,F,2620,2017
Annabelle,F,2614,2017
Natalia,F,2609,2017
Alexandra,F,2600,2017
Ximena,F,2542,2017
Ashley,F,2524,2017
Brianna,F,2511,2017
Raelynn,F,2448,2017
Bailey,F,2423,2017
Mary,F,2402,2017
Athena,F,2372,2017
Andrea,F,2319,2017
Leilani,F,2272,2017
Lyla,F,2264,2017
Jasmine,F,2263,2017
Margaret,F,2253,2017
Alyssa,F,2236,2017
Adalyn,F,2203,2017
Arya,F,2163,2017
Norah,F,2153,2017
Khloe,F,2147,2017
Kayla,F,2118,2017
Eden,F,2090,2017
Eliza,F,2074,2017
Rose,F,2071,2017
Ariel,F,2065,2017
Melody,F,2059,2017
Alexis,F,2054,2017
Isabel,F,2028,2017
Sydney,F,2011,2017
Juliana,F,1995,2017
Iris,F,1982,2017
Lauren,F,1982,2017
Emerson,F,1972,2017
London,F,1966,2017
Morgan,F,1921,2017
Lilly,F,1919,2017
Charlie,F,1908,2017
Aliyah,F,1906,2017
Valeria,F,1888,2017
Sara,F,1882,2017
Arabella,F,1881,2017
Finley,F,1862,2017
Trinity,F,1855,2017
Ryleigh,F,1851,2017
Jordyn,F,1839,2017
Jocelyn,F,1835,2017
Kimberly,F,1832,2017
Esther,F,1828,2017
Molly,F,1825,2017
Valerie,F,1818,2017
Cecilia,F,1809,2017
Anastasia,F,1798,2017
Daisy,F,1790,2017
Reese,F,1751,2017
Laila,F,1742,2017
Mya,F,1735,2017
Amy,F,1730,2017
Teagan,F,1729,2017
Elise,F,1714,2017
Amaya,F,1712,2017
Harmony,F,1699,2017
Paige,F,1694,2017
Fiona,F,1680,2017
Adaline,F,1675,2017
Alaina,F,1664,2017
Genevieve,F,1662,2017
Nicole,F,1661,2017
Lucia,F,1657,2017
Alina,F,1656,2017
Mckenzie,F,1651,2017
Callie,F,1646,2017
Payton,F,1643,2017
Eloise,F,1627,2017
Brooke,F,1617,2017
Londyn,F,1612,2017
Rachel,F,1610,2017
Mariah,F,1609,2017
Gracie,F,1603,2017
Julianna,F,1599,2017
Daniela,F,1590,2017
Catherine,F,1577,2017
Angelina,F,1558,2017
Josie,F,1531,2017
Presley,F,1531,2017
Harley,F,1522,2017
Adelyn,F,1515,2017
Vanessa,F,1514,2017
Makayla,F,1499,2017
Amara,F,1491,2017
Juliette,F,1490,2017
Parker,F,1489,2017
Marley,F,1469,2017
Lila,F,1468,2017
Ana,F,1449,2017
Rowan,F,1443,2017
Alana,F,1438,2017
Michelle,F,1427,2017
Malia,F,1426,2017
Rebecca,F,1425,2017
Brooklynn,F,1420,2017
Brynlee,F,1413,2017
Summer,F,1407,2017
Sloane,F,1406,2017
Leila,F,1404,2017
Sienna,F,1401,2017
Adriana,F,1396,2017
Kendall,F,1388,2017
Sawyer,F,1388,2017
Destiny,F,1381,2017
Juliet,F,1380,2017
Elliana,F,1377,2017
Alayna,F,1375,2017
Diana,F,1365,2017
Ayla,F,1355,2017
Dakota,F,1353,2017
Hayden,F,1353,2017
Angela,F,1347,2017
Rosalie,F,1346,2017
Joanna,F,1344,2017
Noelle,F,1344,2017
Jayla,F,1340,2017
Alivia,F,1333,2017
Emersyn,F,1328,2017
Lola,F,1328,2017
Georgia,F,1313,2017
Selena,F,1299,2017
June,F,1296,2017
Tessa,F,1291,2017
Daleyza,F,1286,2017
Maggie,F,1281,2017
Jessica,F,1278,2017
Remi,F,1270,2017
Delaney,F,1263,2017
Vivienne,F,1259,2017
Camille,F,1258,2017
Hope,F,1258,2017
Olive,F,1251,2017
Mckenna,F,1249,2017
Alexandria,F,1247,2017
Gemma,F,1246,2017
Blakely,F,1229,2017
Izabella,F,1226,2017
Catalina,F,1225,2017
Journee,F,1214,2017
Raegan,F,1214,2017
Gabrielle,F,1213,2017
Ruth,F,1204,2017
Lucille,F,1200,2017
Amiyah,F,1196,2017
Evangeline,F,1191,2017
Thea,F,1186,2017
Blake,F,1184,2017
River,F,1176,2017
Amina,F,1174,2017
Giselle,F,1173,2017
Lilah,F,1171,2017
Melissa,F,1169,2017
Kate,F,1166,2017
Adelaide,F,1160,2017
Vera,F,1158,2017
Charlee,F,1156,2017
Jane,F,1156,2017
Journey,F,1155,2017
Gabriela,F,1154,2017
Leia,F,1154,2017
Zara,F,1153,2017
Miriam,F,1148,2017
Elaina,F,1141,2017
Stephanie,F,1131,2017
Briella,F,1130,2017
Cali,F,1125,2017
Ember,F,1117,2017
Aniyah,F,1114,2017
Lilliana,F,1110,2017
Kamila,F,1104,2017
Logan,F,1103,2017
Ariella,F,1098,2017
Brynn,F,1093,2017
Makenzie,F,1092,2017
Annie,F,1090,2017
Haven,F,1087,2017
Elsie,F,1086,2017
Kali,F,1086,2017
Mariana,F,1086,2017
Paris,F,1082,2017
Lena,F,1080,2017
Nyla,F,1077,2017
Freya,F,1075,2017
Adelynn,F,1068,2017
Lyric,F,1061,2017
Camilla,F,1054,2017
Jennifer,F,1048,2017
Sage,F,1045,2017
Paislee,F,1043,2017
Juniper,F,1041,2017
Talia,F,1041,2017
Alessandra,F,1034,2017
Fatima,F,1033,2017
Raelyn,F,1023,2017
Amira,F,1020,2017
Phoebe,F,1017,2017
Ada,F,1015,2017
Arielle,F,1015,2017
Kinley,F,1015,2017
Nina,F,1015,2017
Ariah,F,1007,2017
Samara,F,1007,2017
Liam,M,18798,2017
Noah,M,18410,2017
William,M,14967,2017
James,M,14291,2017
Logan,M,14014,2017
Benjamin,M,13797,2017
Mason,M,13549,2017
Elijah,M,13344,2017
Oliver,M,13193,2017
Jacob,M,13178,2017
Lucas,M,12996,2017
Michael,M,12639,2017
Alexander,M,12519,2017
Ethan,M,12439,2017
Daniel,M,11691,2017
Matthew,M,11671,2017
Aiden,M,11303,2017
Henry,M,10461,2017
Joseph,M,10437,2017
Jackson,M,10399,2017
Samuel,M,10395,2017
David,M,10187,2017
Sebastian,M,10172,2017
Carter,M,9787,2017
Wyatt,M,9688,2017
Jayden,M,9534,2017
John,M,9486,2017
Owen,M,9338,2017
Dylan,M,9295,2017
Luke,M,9195,2017
Gabriel,M,9131,2017
Isaac,M,8851,2017
Anthony,M,8833,2017
Grayson,M,8679,2017
Jack,M,8454,2017
Julian,M,8422,2017
Levi,M,8418,2017
Christopher,M,8285,2017
Joshua,M,8284,2017
Andrew,M,8251,2017
Lincoln,M,8179,2017
Mateo,M,7757,2017
Ryan,M,7674,2017
Jaxon,M,7673,2017
Nathan,M,7418,2017
Isaiah,M,7212,2017
Aaron,M,7196,2017
Charles,M,7162,2017
Thomas,M,7162,2017
Caleb,M,7125,2017
Josiah,M,7016,2017
Christian,M,6996,2017
Hunter,M,6722,2017
Eli,M,6601,2017
Jonathan,M,6503,2017
Connor,M,6404,2017
Landon,M,6343,2017
Adrian,M,6219,2017
Asher,M,6030,2017
Cameron,M,5954,2017
Leo,M,5950,2017
Theodore,M,5950,2017
Jeremiah,M,5840,2017
Hudson,M,5781,2017
Robert,M,5528,2017
Easton,M,5502,2017
Nolan,M,5389,2017
Nicholas,M,5348,2017
Ezra,M,5320,2017
Colton,M,5278,2017
Angel,M,5257,2017
Brayden,M,5155,2017
Jordan,M,5132,2017
Dominic,M,5094,2017
Austin,M,5039,2017
Ian,M,5018,2017
Adam,M,4919,2017
Elias,M,4912,2017
Jaxson,M,4838,2017
Greyson,M,4835,2017
Jose,M,4793,2017
Ezekiel,M,4742,2017
Carson,M,4740,2017
Evan,M,4721,2017
Maverick,M,4720,2017
Bryson,M,4652,2017
Jace,M,4631,2017
Cooper,M,4604,2017
Xavier,M,4489,2017
Parker,M,4364,2017
Roman,M,4265,2017
Jason,M,4241,2017
Santiago,M,4197,2017
Chase,M,4168,2017
Sawyer,M,4162,2017
Gavin,M,4147,2017
Leonardo,M,4125,2017
Kayden,M,3984,2017
Ayden,M,3945,2017
Jameson,M,3922,2017
Kevin,M,3818,2017
Bentley,M,3808,2017
Zachary,M,3800,2017
Axel,M,3778,2017
Everett,M,3776,2017
Tyler,M,3762,2017
Micah,M,3683,2017
Vincent,M,3659,2017
Weston,M,3645,2017
Miles,M,3621,2017
Wesley,M,3564,2017
Nathaniel,M,3516,2017
Harrison,M,3515,2017
Brandon,M,3486,2017
Declan,M,3462,2017
Cole,M,3460,2017
Luis,M,3382,2017
Damian,M,3334,2017
Braxton,M,3330,2017
Silas,M,3319,2017
Tristan,M,3290,2017
Ryder,M,3252,2017
Bennett,M,3176,2017
George,M,3161,2017
Emmett,M,3158,2017
Kai,M,3140,2017
Justin,M,3134,2017
Max,M,3134,2017
Diego,M,3095,2017
Luca,M,3082,2017
Ryker,M,3075,2017
Carlos,M,3069,2017
Maxwell,M,3069,2017
Kingston,M,3059,2017
Ivan,M,3036,2017
Maddox,M,3032,2017
Juan,M,2991,2017
Ashton,M,2944,2017
Jayce,M,2898,2017
Rowan,M,2841,2017
Kaiden,M,2811,2017
Giovanni,M,2793,2017
Eric,M,2764,2017
Jesus,M,2745,2017
Abel,M,2699,2017
Calvin,M,2698,2017
King,M,2677,2017
Camden,M,2660,2017
Blake,M,2613,2017
Amir,M,2611,2017
Alex,M,2592,2017
Brody,M,2547,2017
Malachi,M,2525,2017
Emmanuel,M,2511,2017
Jonah,M,2508,2017
Jude,M,2507,2017
Beau,M,2500,2017
Antonio,M,2476,2017
Alan,M,2440,2017
Elliott,M,2435,2017
Elliot,M,2428,2017
Waylon,M,2420,2017
Timothy,M,2405,2017
Xander,M,2403,2017
Victor,M,2400,2017
Bryce,M,2384,2017
Finn,M,2377,2017
Brantley,M,2323,2017
Abraham,M,2321,2017
Edward,M,2315,2017
Patrick,M,2295,2017
Grant,M,2288,2017
Hayden,M,2280,2017
Richard,M,2279,2017
Karter,M,2276,2017
Miguel,M,2272,2017
Joel,M,2255,2017
Gael,M,2236,2017
Tucker,M,2216,2017
Rhett,M,2197,2017
Avery,M,2189,2017
Steven,M,2157,2017
Graham,M,2108,2017
Jasper,M,2101,2017
Kaleb,M,2099,2017
Jesse,M,2087,2017
Dean,M,2077,2017
Matteo,M,2076,2017
Preston,M,2067,2017
Zayden,M,2067,2017
August,M,2052,2017
Oscar,M,2043,2017
Jeremy,M,2041,2017
Alejandro,M,2031,2017
Marcus,M,2023,2017
Dawson,M,2008,2017
Lorenzo,M,1999,2017
Messiah,M,1978,2017
Zion,M,1969,2017
River,M,1963,2017
Maximus,M,1958,2017
Zane,M,1946,2017
Mark,M,1940,2017
Brooks,M,1929,2017
Judah,M,1913,2017
Nicolas,M,1912,2017
Paxton,M,1904,2017
Emiliano,M,1872,2017
Kaden,M,1849,2017
Bryan,M,1835,2017
Kyle,M,1832,2017
Myles,M,1801,2017
Peter,M,1791,2017
Charlie,M,1782,2017
Kyrie,M,1776,2017
Brian,M,1770,2017
Thiago,M,1766,2017
Kenneth,M,1759,2017
Andres,M,1752,2017
Lukas,M,1730,2017
Aidan,M,1725,2017
Jax,M,1711,2017
Caden,M,1710,2017
Milo,M,1698,2017
Paul,M,1690,2017
Beckett,M,1684,2017
Brady,M,1684,2017
Colin,M,1664,2017
Bradley,M,1644,2017
Omar,M,1641,2017
Javier,M,1640,2017
Jaden,M,1635,2017
Knox,M,1634,2017
Barrett,M,1609,2017
Israel,M,1591,2017
Matias,M,1560,2017
Zander,M,1554,2017
Jorge,M,1548,2017
Derek,M,1543,2017
Josue,M,1536,2017
Cayden,M,1530,2017
Holden,M,1527,2017
Griffin,M,1520,2017
Felix,M,1511,2017
Leon,M,1510,2017
Arthur,M,1509,2017
Killian,M,1501,2017
Remington,M,1501,2017
Jake,M,1498,2017
Clayton,M,1486,2017
Sean,M,1473,2017
Adriel,M,1465,2017
Riley,M,1465,2017
Archer,M,1455,2017
Legend,M,1453,2017
Erick,M,1432,2017
Enzo,M,1426,2017
Corbin,M,1418,2017
Francisco,M,1401,2017
Dallas,M,1393,2017
Emilio,M,1393,2017
Gunner,M,1386,2017
Simon,M,1376,2017
Andre,M,1365,2017
Walter,M,1362,2017
Damien,M,1346,2017
Phoenix,M,1344,2017
Chance,M,1337,2017
Tobias,M,1331,2017
Colt,M,1330,2017
Stephen,M,1330,2017
Tanner,M,1327,2017
Manuel,M,1325,2017
Kameron,M,1324,2017
Emerson,M,1317,2017
Amari,M,1316,2017
Louis,M,1299,2017
Finley,M,1292,2017
Cody,M,1291,2017
Iker,M,1285,2017
Martin,M,1282,2017
Nash,M,1280,2017
Rafael,M,1280,2017
Beckham,M,1269,2017
Cash,M,1266,2017
Karson,M,1261,2017
Rylan,M,1256,2017
Reid,M,1246,2017
Ace,M,1231,2017
Theo,M,1229,2017
Eduardo,M,1228,2017
Spencer,M,1205,2017
Raymond,M,1200,2017
Anderson,M,1198,2017
Maximiliano,M,1196,2017
Ronan,M,1193,2017
Cristian,M,1181,2017
Lane,M,1178,2017
Titus,M,1174,2017
Jett,M,1169,2017
Bodhi,M,1165,2017
Ricardo,M,1164,2017
Travis,M,1164,2017
Gideon,M,1155,2017
Jaiden,M,1139,2017
Fernando,M,1137,2017
Mario,M,1135,2017
Conor,M,1129,2017
Keegan,M,1116,2017
Ali,M,1114,2017
Ellis,M,1107,2017
Cesar,M,1100,2017
Jayceon,M,1100,2017
Cohen,M,1099,2017
Walker,M,1099,2017
Arlo,M,1087,2017
Dante,M,1075,2017
Hector,M,1071,2017
Kyler,M,1065,2017
Seth,M,1060,2017
Garrett,M,1056,2017
Donovan,M,1055,2017
Tyson,M,1053,2017
Jeffrey,M,1052,2017
Desmond,M,1044,2017
Jase,M,1044,2017
Caiden,M,1043,2017
Atlas,M,1041,2017
Gage,M,1036,2017
Major,M,1036,2017
Devin,M,1034,2017
Edwin,M,1032,2017
Angelo,M,1023,2017
Orion,M,1022,2017
Conner,M,1013,2017
Marco,M,1010,2017
Jensen,M,1003,2017
Julius,M,1002,2017
﻿Emma,F,18688,2018
Olivia,F,17921,2018
Ava,F,14924,2018
Isabella,F,14464,2018
Sophia,F,13928,2018
Charlotte,F,12940,2018
Mia,F,12642,2018
Amelia,F,12301,2018
Harper,F,10582,2018
Evelyn,F,10376,2018
Abigail,F,9796,2018
Emily,F,8656,2018
Elizabeth,F,8513,2018
Mila,F,8126,2018
Ella,F,8055,2018
Avery,F,8053,2018
Sofia,F,7621,2018
Camila,F,7473,2018
Aria,F,7394,2018
Scarlett,F,7182,2018
Victoria,F,7089,2018
Madison,F,7036,2018
Luna,F,6897,2018
Grace,F,6724,2018
Chloe,F,6626,2018
Penelope,F,6474,2018
Layla,F,6468,2018
Riley,F,5976,2018
Zoey,F,5899,2018
Nora,F,5799,2018
Lily,F,5706,2018
Eleanor,F,5694,2018
Hannah,F,5629,2018
Lillian,F,5534,2018
Addison,F,5203,2018
Aubrey,F,5190,2018
Ellie,F,5190,2018
Stella,F,5121,2018
Natalie,F,5095,2018
Zoe,F,5062,2018
Leah,F,4995,2018
Hazel,F,4916,2018
Violet,F,4794,2018
Aurora,F,4785,2018
Savannah,F,4745,2018
Audrey,F,4662,2018
Brooklyn,F,4611,2018
Bella,F,4518,2018
Claire,F,4379,2018
Skylar,F,4378,2018
Lucy,F,4354,2018
Paisley,F,4333,2018
Everly,F,4313,2018
Anna,F,4145,2018
Caroline,F,4136,2018
Nova,F,4124,2018
Genesis,F,4068,2018
Emilia,F,4020,2018
Kennedy,F,3924,2018
Samantha,F,3897,2018
Maya,F,3882,2018
Willow,F,3881,2018
Kinsley,F,3856,2018
Naomi,F,3821,2018
Aaliyah,F,3811,2018
Elena,F,3758,2018
Sarah,F,3734,2018
Ariana,F,3715,2018
Allison,F,3678,2018
Gabriella,F,3677,2018
Alice,F,3643,2018
Madelyn,F,3634,2018
Cora,F,3574,2018
Ruby,F,3552,2018
Eva,F,3542,2018
Serenity,F,3517,2018
Autumn,F,3471,2018
Adeline,F,3463,2018
Hailey,F,3449,2018
Gianna,F,3429,2018
Valentina,F,3416,2018
Isla,F,3393,2018
Eliana,F,3373,2018
Quinn,F,3369,2018
Nevaeh,F,3359,2018
Ivy,F,3256,2018
Sadie,F,3247,2018
Piper,F,3202,2018
Lydia,F,3184,2018
Alexa,F,3053,2018
Josephine,F,3023,2018
Emery,F,2993,2018
Julia,F,2989,2018
Delilah,F,2982,2018
Arianna,F,2956,2018
Vivian,F,2956,2018
Kaylee,F,2938,2018
Sophie,F,2929,2018
Brielle,F,2919,2018
Madeline,F,2897,2018
Peyton,F,2896,2018
Rylee,F,2886,2018
Clara,F,2877,2018
Hadley,F,2861,2018
Melanie,F,2841,2018
Mackenzie,F,2810,2018
Reagan,F,2803,2018
Adalynn,F,2801,2018
Liliana,F,2773,2018
Aubree,F,2767,2018
Jade,F,2673,2018
Katherine,F,2666,2018
Isabelle,F,2640,2018
Natalia,F,2617,2018
Raelynn,F,2599,2018
Maria,F,2595,2018
Athena,F,2582,2018
Ximena,F,2558,2018
Arya,F,2545,2018
Leilani,F,2505,2018
Taylor,F,2478,2018
Faith,F,2442,2018
Rose,F,2432,2018
Kylie,F,2416,2018
Alexandra,F,2394,2018
Mary,F,2327,2018
Margaret,F,2312,2018
Lyla,F,2288,2018
Ashley,F,2267,2018
Amaya,F,2256,2018
Eliza,F,2254,2018
Brianna,F,2235,2018
Bailey,F,2163,2018
Andrea,F,2154,2018
Khloe,F,2136,2018
Jasmine,F,2133,2018
Melody,F,2131,2018
Iris,F,2109,2018
Isabel,F,2052,2018
Norah,F,1999,2018
Annabelle,F,1977,2018
Valeria,F,1976,2018
Emerson,F,1935,2018
Adalyn,F,1930,2018
Ryleigh,F,1915,2018
Eden,F,1894,2018
Emersyn,F,1886,2018
Anastasia,F,1880,2018
Kayla,F,1875,2018
Alyssa,F,1870,2018
Juliana,F,1842,2018
Charlie,F,1840,2018
Esther,F,1831,2018
Ariel,F,1810,2018
Cecilia,F,1798,2018
Valerie,F,1794,2018
Alina,F,1791,2018
Molly,F,1790,2018
Reese,F,1788,2018
Aliyah,F,1765,2018
Lilly,F,1755,2018
Parker,F,1754,2018
Finley,F,1749,2018
Morgan,F,1749,2018
Sydney,F,1749,2018
Jordyn,F,1735,2018
Eloise,F,1733,2018
Trinity,F,1707,2018
Daisy,F,1702,2018
Kimberly,F,1696,2018
Lauren,F,1696,2018
Genevieve,F,1692,2018
Sara,F,1692,2018
Arabella,F,1686,2018
Harmony,F,1668,2018
Elise,F,1664,2018
Remi,F,1644,2018
Teagan,F,1644,2018
Alexis,F,1640,2018
London,F,1632,2018
Sloane,F,1623,2018
Laila,F,1608,2018
Lucia,F,1606,2018
Diana,F,1605,2018
Juliette,F,1600,2018
Sienna,F,1587,2018
Elliana,F,1580,2018
Londyn,F,1580,2018
Ayla,F,1575,2018
Callie,F,1574,2018
Gracie,F,1566,2018
Josie,F,1565,2018
Amara,F,1564,2018
Jocelyn,F,1555,2018
Daniela,F,1553,2018
Everleigh,F,1546,2018
Mya,F,1545,2018
Rachel,F,1544,2018
Summer,F,1528,2018
Alana,F,1523,2018
Brooke,F,1518,2018
Alaina,F,1517,2018
Mckenzie,F,1507,2018
Catherine,F,1498,2018
Amy,F,1497,2018
Presley,F,1486,2018
Journee,F,1481,2018
Rosalie,F,1460,2018
Ember,F,1458,2018
Brynlee,F,1455,2018
Rowan,F,1447,2018
Joanna,F,1444,2018
Paige,F,1443,2018
Rebecca,F,1442,2018
Ana,F,1440,2018
Sawyer,F,1421,2018
Mariah,F,1416,2018
Nicole,F,1416,2018
Brooklynn,F,1415,2018
Payton,F,1413,2018
Marley,F,1410,2018
Fiona,F,1408,2018
Georgia,F,1406,2018
Lila,F,1395,2018
Harley,F,1393,2018
Adelyn,F,1375,2018
Alivia,F,1373,2018
Noelle,F,1371,2018
Gemma,F,1369,2018
Vanessa,F,1369,2018
Journey,F,1363,2018
Makayla,F,1362,2018
Angelina,F,1360,2018
Adaline,F,1359,2018
Catalina,F,1358,2018
Alayna,F,1354,2018
Julianna,F,1354,2018
Leila,F,1352,2018
Lola,F,1352,2018
Adriana,F,1347,2018
June,F,1342,2018
Juliet,F,1336,2018
Jayla,F,1334,2018
River,F,1321,2018
Tessa,F,1315,2018
Lia,F,1310,2018
Dakota,F,1307,2018
Delaney,F,1306,2018
Selena,F,1306,2018
Blakely,F,1304,2018
Ada,F,1288,2018
Camille,F,1277,2018
Zara,F,1275,2018
Malia,F,1266,2018
Hope,F,1265,2018
Samara,F,1261,2018
Vera,F,1257,2018
Mckenna,F,1254,2018
Briella,F,1248,2018
Izabella,F,1246,2018
Hayden,F,1243,2018
Raegan,F,1241,2018
Michelle,F,1239,2018
Angela,F,1236,2018
Ruth,F,1234,2018
Freya,F,1231,2018
Kamila,F,1230,2018
Vivienne,F,1226,2018
Aspen,F,1223,2018
Olive,F,1222,2018
Kendall,F,1209,2018
Elaina,F,1205,2018
Thea,F,1194,2018
Kali,F,1193,2018
Destiny,F,1189,2018
Amiyah,F,1186,2018
Evangeline,F,1185,2018
Cali,F,1182,2018
Blake,F,1181,2018
Elsie,F,1178,2018
Juniper,F,1173,2018
Alexandria,F,1165,2018
Myla,F,1163,2018
Ariella,F,1161,2018
Kate,F,1156,2018
Mariana,F,1148,2018
Lilah,F,1145,2018
Charlee,F,1141,2018
Daleyza,F,1126,2018
Nyla,F,1126,2018
Jane,F,1123,2018
Maggie,F,1122,2018
Zuri,F,1122,2018
Aniyah,F,1118,2018
Lucille,F,1115,2018
Leia,F,1114,2018
Melissa,F,1114,2018
Adelaide,F,1111,2018
Amina,F,1109,2018
Giselle,F,1104,2018
Lena,F,1094,2018
Camilla,F,1088,2018
Miriam,F,1088,2018
Millie,F,1087,2018
Brynn,F,1084,2018
Gabrielle,F,1084,2018
Sage,F,1083,2018
Annie,F,1080,2018
Logan,F,1074,2018
Lilliana,F,1066,2018
Haven,F,1058,2018
Jessica,F,1057,2018
Kaia,F,1057,2018
Magnolia,F,1041,2018
Amira,F,1035,2018
Adelynn,F,1029,2018
Makenzie,F,1026,2018
Stephanie,F,1026,2018
Nina,F,1020,2018
Phoebe,F,1018,2018
Arielle,F,1009,2018
Evie,F,1008,2018
Lyric,F,1007,2018
Alessandra,F,1006,2018
Liam,M,19837,2018
Noah,M,18267,2018
William,M,14516,2018
James,M,13525,2018
Oliver,M,13389,2018
Benjamin,M,13381,2018
Elijah,M,12886,2018
Lucas,M,12585,2018
Mason,M,12435,2018
Logan,M,12352,2018
Alexander,M,11989,2018
Ethan,M,11854,2018
Jacob,M,11770,2018
Michael,M,11620,2018
Daniel,M,11173,2018
Henry,M,10649,2018
Jackson,M,10323,2018
Sebastian,M,10054,2018
Aiden,M,9979,2018
Matthew,M,9924,2018
Samuel,M,9734,2018
David,M,9697,2018
Joseph,M,9555,2018
Carter,M,9312,2018
Owen,M,9288,2018
Wyatt,M,9127,2018
John,M,9119,2018
Jack,M,8834,2018
Luke,M,8577,2018
Jayden,M,8553,2018
Dylan,M,8549,2018
Grayson,M,8538,2018
Levi,M,8440,2018
Isaac,M,8417,2018
Gabriel,M,8335,2018
Julian,M,8307,2018
Mateo,M,8169,2018
Anthony,M,8003,2018
Jaxon,M,7701,2018
Lincoln,M,7368,2018
Joshua,M,7364,2018
Christopher,M,7261,2018
Andrew,M,7234,2018
Theodore,M,7020,2018
Caleb,M,6929,2018
Ryan,M,6905,2018
Asher,M,6802,2018
Nathan,M,6790,2018
Thomas,M,6779,2018
Leo,M,6719,2018
Isaiah,M,6614,2018
Charles,M,6604,2018
Josiah,M,6603,2018
Hudson,M,6540,2018
Christian,M,6509,2018
Hunter,M,6066,2018
Connor,M,6058,2018
Eli,M,6027,2018
Ezra,M,6000,2018
Aaron,M,5953,2018
Landon,M,5827,2018
Adrian,M,5788,2018
Jonathan,M,5712,2018
Nolan,M,5607,2018
Jeremiah,M,5561,2018
Easton,M,5429,2018
Elias,M,5310,2018
Colton,M,5284,2018
Cameron,M,5271,2018
Carson,M,5227,2018
Robert,M,5140,2018
Angel,M,5032,2018
Maverick,M,5014,2018
Nicholas,M,4801,2018
Dominic,M,4753,2018
Jaxson,M,4734,2018
Greyson,M,4728,2018
Adam,M,4675,2018
Ian,M,4675,2018
Austin,M,4651,2018
Santiago,M,4647,2018
Jordan,M,4646,2018
Cooper,M,4441,2018
Brayden,M,4383,2018
Roman,M,4364,2018
Evan,M,4356,2018
Ezekiel,M,4319,2018
Xavier,M,4298,2018
Jose,M,4292,2018
Jace,M,4276,2018
Jameson,M,4221,2018
Leonardo,M,4205,2018
Bryson,M,4194,2018
Axel,M,4055,2018
Everett,M,4001,2018
Parker,M,3978,2018
Kayden,M,3972,2018
Miles,M,3964,2018
Sawyer,M,3858,2018
Jason,M,3847,2018
Declan,M,3792,2018
Weston,M,3760,2018
Micah,M,3718,2018
Ayden,M,3655,2018
Wesley,M,3609,2018
Luca,M,3589,2018
Vincent,M,3552,2018
Damian,M,3540,2018
Zachary,M,3528,2018
Silas,M,3479,2018
Gavin,M,3449,2018
Chase,M,3429,2018
Kai,M,3421,2018
Emmett,M,3416,2018
Harrison,M,3394,2018
Nathaniel,M,3351,2018
Kingston,M,3330,2018
Cole,M,3327,2018
Tyler,M,3298,2018
Bennett,M,3271,2018
Bentley,M,3250,2018
Ryker,M,3223,2018
Tristan,M,3195,2018
Brandon,M,3183,2018
Kevin,M,3124,2018
Luis,M,3084,2018
George,M,3059,2018
Ashton,M,3035,2018
Rowan,M,3020,2018
Braxton,M,2991,2018
Ryder,M,2984,2018
Gael,M,2922,2018
Ivan,M,2897,2018
Diego,M,2880,2018
Maxwell,M,2876,2018
Max,M,2857,2018
Carlos,M,2839,2018
Kaiden,M,2832,2018
Juan,M,2826,2018
Maddox,M,2797,2018
Justin,M,2787,2018
Waylon,M,2774,2018
Calvin,M,2747,2018
Giovanni,M,2747,2018
Jonah,M,2697,2018
Abel,M,2663,2018
Jayce,M,2635,2018
Jesus,M,2631,2018
Amir,M,2584,2018
King,M,2579,2018
Beau,M,2576,2018
Camden,M,2543,2018
Alex,M,2505,2018
Jasper,M,2484,2018
Malachi,M,2473,2018
Brody,M,2470,2018
Jude,M,2468,2018
Blake,M,2446,2018
Emmanuel,M,2404,2018
Eric,M,2389,2018
Brooks,M,2368,2018
Elliot,M,2358,2018
Antonio,M,2352,2018
Abraham,M,2344,2018
Timothy,M,2330,2018
Finn,M,2316,2018
Rhett,M,2304,2018
Elliott,M,2286,2018
Edward,M,2268,2018
August,M,2264,2018
Xander,M,2257,2018
Alan,M,2244,2018
Dean,M,2241,2018
Lorenzo,M,2241,2018
Bryce,M,2228,2018
Karter,M,2226,2018
Victor,M,2213,2018
Milo,M,2185,2018
Miguel,M,2171,2018
Hayden,M,2168,2018
Graham,M,2165,2018
Grant,M,2162,2018
Zion,M,2153,2018
Tucker,M,2152,2018
Jesse,M,2126,2018
Zayden,M,2126,2018
Joel,M,2119,2018
Richard,M,2119,2018
Patrick,M,2111,2018
Emiliano,M,2108,2018
Avery,M,2098,2018
Nicolas,M,2094,2018
Brantley,M,2092,2018
Dawson,M,2089,2018
Myles,M,2085,2018
Matteo,M,2084,2018
River,M,2051,2018
Steven,M,2022,2018
Thiago,M,2020,2018
Zane,M,2014,2018
Matias,M,2007,2018
Judah,M,1993,2018
Messiah,M,1983,2018
Jeremy,M,1955,2018
Preston,M,1954,2018
Oscar,M,1945,2018
Kaleb,M,1906,2018
Alejandro,M,1895,2018
Marcus,M,1880,2018
Mark,M,1859,2018
Peter,M,1812,2018
Maximus,M,1803,2018
Barrett,M,1802,2018
Jax,M,1751,2018
Andres,M,1736,2018
Holden,M,1720,2018
Legend,M,1718,2018
Charlie,M,1716,2018
Knox,M,1698,2018
Kaden,M,1687,2018
Paxton,M,1677,2018
Kyrie,M,1673,2018
Kyle,M,1668,2018
Griffin,M,1662,2018
Josue,M,1658,2018
Kenneth,M,1655,2018
Beckett,M,1647,2018
Enzo,M,1646,2018
Adriel,M,1642,2018
Arthur,M,1642,2018
Felix,M,1638,2018
Bryan,M,1633,2018
Lukas,M,1630,2018
Paul,M,1625,2018
Brian,M,1618,2018
Colt,M,1615,2018
Caden,M,1600,2018
Leon,M,1595,2018
Archer,M,1583,2018
Omar,M,1577,2018
Israel,M,1574,2018
Aidan,M,1552,2018
Theo,M,1541,2018
Javier,M,1539,2018
Remington,M,1524,2018
Jaden,M,1487,2018
Bradley,M,1486,2018
Emilio,M,1486,2018
Colin,M,1472,2018
Riley,M,1455,2018
Cayden,M,1449,2018
Phoenix,M,1444,2018
Clayton,M,1438,2018
Simon,M,1435,2018
Ace,M,1434,2018
Nash,M,1399,2018
Derek,M,1398,2018
Rafael,M,1393,2018
Zander,M,1383,2018
Brady,M,1377,2018
Jorge,M,1377,2018
Jake,M,1372,2018
Louis,M,1368,2018
Damien,M,1349,2018
Karson,M,1335,2018
Walker,M,1332,2018
Maximiliano,M,1327,2018
Amari,M,1312,2018
Sean,M,1310,2018
Chance,M,1304,2018
Walter,M,1303,2018
Martin,M,1286,2018
Finley,M,1280,2018
Andre,M,1275,2018
Tobias,M,1274,2018
Cash,M,1267,2018
Corbin,M,1257,2018
Arlo,M,1256,2018
Iker,M,1254,2018
Erick,M,1245,2018
Emerson,M,1238,2018
Gunner,M,1238,2018
Cody,M,1237,2018
Stephen,M,1236,2018
Francisco,M,1235,2018
Killian,M,1224,2018
Dallas,M,1219,2018
Reid,M,1217,2018
Manuel,M,1206,2018
Lane,M,1205,2018
Atlas,M,1204,2018
Rylan,M,1191,2018
Jensen,M,1188,2018
Ronan,M,1187,2018
Beckham,M,1182,2018
Daxton,M,1176,2018
Anderson,M,1161,2018
Kameron,M,1155,2018
Raymond,M,1149,2018
Orion,M,1141,2018
Cristian,M,1137,2018
Tanner,M,1134,2018
Kyler,M,1128,2018
Jett,M,1122,2018
Cohen,M,1120,2018
Ricardo,M,1119,2018
Spencer,M,1101,2018
Gideon,M,1092,2018
Ali,M,1089,2018
Fernando,M,1089,2018
Jaiden,M,1080,2018
Titus,M,1076,2018
Travis,M,1072,2018
Bodhi,M,1071,2018
Eduardo,M,1066,2018
Dante,M,1065,2018
Ellis,M,1058,2018
Prince,M,1058,2018
Kane,M,1048,2018
Luka,M,1041,2018
Kash,M,1040,2018
Hendrix,M,1026,2018
Desmond,M,1024,2018
Donovan,M,1021,2018
Mario,M,1018,2018
Atticus,M,1016,2018
Cruz,M,1011,2018
Garrett,M,1010,2018
Hector,M,1006,2018
Angelo,M,1004,2018
Jeffrey,M,1003,2018
